"LIK", "LIK" "0 portada7_cuadrada_800x800.jpg" "x" "x" "x" "LIK la serpiente llena de peces" "LIK" "antropoloops" 2017 "sevilla";
"CNRSMH_E_1968_013_001_001_04", "LIK" "CNRSMH_E_1968_013_001_001_04_E.jpg" "x" "x" "x" "Récit d'un voyage en pirogue" "1957-1968 - Musique Boni et Wayana de Guyane - Jean Hurault" "Hurault, Jean" "1968" "Guayana";
"CNRSMH_E_1968_013_001_001_08", "LIK" "CNRSMH_E_1968_013_001_001_04_E.jpg" "x" "x" "x" "Scène de culte de possession"  "Boni (Aluku)" "1968" "Guayana";
"CNRSMH_E_1968_013_001_001_13", "LIK" "CNRSMH_E_1968_013_001_001_04_E.jpg" "x" "x" "x" "Danse tépiem"  "WAYANA people" "1968" "Guayana";
"01 Che Lucero Aguai", "LIK" "x" "x" "x" "x" "Che Lucero Aguai" "2ème Récital" "Les 4 Guaranis" "1953" "Paraguay";
"02 Baila Rosita", "LIK" "x" "x" "x" "x" "Baila Rosita" "A Orillas del Magdalena" "Los Guacharacos" "2009" "Colombia";
"08 Cumbia en la India", "LIK" "x" "x" "x" "x" "Cumbia en la India" "A Orillas del Magdalena" "Andres Landero y Su Conjunto" "2009" "Colombia";
"academia de capoeira de angola - 08 - toque de capoeira de sao bento grande", "LIK" "academia de capoeira de angola - 08 - toque de capoeira de sao bento grande_E.jpg" "x" "x" "x" "toque de capoeira de sao bento grande" "academia de capoeira de angola sao jorge dos irmaos unidos de mestre caicara" "academia de capoeira de angola" "1973" "Brasil";
"afro-bahian religious songs - 09 - congo-angola for dadalunda", "LIK" "afro-bahian religious songs - 09 - congo-angola for dadalunda_E.jpg" "x" "x" "x" "congo-angola for dadalunda" "afro-bahian religious songs" "varios" "1941" "Brasil";
"12 Exu (part 2)", "LIK" "12 Exu (part 2).jpg" "x" "x" "x" "Exu (part 2)" "Amazônia · Cult Music Of Northern Brazil" "Closing song of a ritual cycle in the batuque houses" "1976" "Brasil";
"CNRSMH_E_1955_010_001_01", "LIK" "CNRSMH_E_1955_010_001_01_E.jpg" "x" "x" "x" "Indiens Iawa" "Amazonie - indiens Iawa et Bora" "Iawa people" "1952" "Peru";
"Tierra Jujeña", "LIK" "x" "x" "10 - Atahualpa Yupanqui - Huajra - Camino Del Indio_E.mp4" "Atahualpa Yupanqui en concierto" "Tierra Jujeña" "Atahualpa Yupanqui...y su Guitarra" "Atahualpa Yupanqui" "1968" "Argentina";
"Mistura No. 4", "LIK" "Mistura No. 4_E.jpg" "x" "x" "x" "Mistura No. 4" "Batucada Genial" "Mester Geraldo e Sua Bateria" "1977" "Brasil";
"B4 Ritmo de Macumba", "LIK" "B4 Ritmo de Macumba_E.jpg" "x" "x" "x" "Ritmo de Macumba" "Batucada No. 3 The Exciting Rhythm of the Wild Brazilian Carnival" "Escola de Samba da Cidade" "1971" "Brasil";
"CNRSMH_I_2008_008_001_35_E", "LIK" "x" "x" "Villa Lobos Documentary - Excerpts - 1 2_E.mp4" "Documentário ""Índio de Casaca"" - Heitor Villa-Lobos (1887-1959) " "Heitor Villa Lobos habla de la música Brasileña" "BENIN & BRESIL. CORREA DE AZEVEDO,L.H." "Heitor Villa Lobos" "1950" "Brasil";
"black music of south america - 01 - arullo san antonio", "LIK" "black music of south america - 01 - arullo san antonio_E.jpg" "x" "x" "x" "arullo san antonio" "black music of south america" "varios" "1970" "Brasil";
"black music of south america - 04 - capoeira", "LIK" "black music of south america - 04 - capoeira_E.jpg" "x" "x" "x" "capoeira" "black music of south america" "varios" "1970" "Brasil";
"black music of south america - 05 - samba da roda", "LIK" "x" "x" "x" "x" "samba da roda" "black music of south america" "varios" "1970" "Brasil";
"los jairas - bolivia - 09 - el iman de tus ojos", "LIK" "x" "x" "x" "x" "el iman de tus ojos" "bolivia" "los jairas" "1968" "Bolivia";
"los jairas - bolivia - 10 - bailecito colonial", "LIK" "x" "x" "x" "x" "bailecito colonial" "bolivia" "los jairas" "1968" "Bolivia";
"los jairas - bolivia - 11 - san benito", "LIK" "los jairas - bolivia - 11 - san benito_E.jpg" "x" "x" "x" "san benito" "bolivia" "los jairas" "1968" "Bolivia";
"los cruceños - bolivia canta - 09 - beatriz", "LIK" "x" "x" "x" "x" "beatriz" "bolivia canta" "los cruceños" "1961" "Bolivia";
"CNRSMH_E_2000_008_001_001_10", "LIK" "CNRSMH_E_2000_008_001_001_10_E.jpg" "x" "x" "x" "Carême : Loternas" "Bolivie - musique des Calcha" "Tres mujeres /Calcha" "1996" "Bolivia";
"CNRSMH_I_2007_011_003_03", "LIK" "CNRSMH_I_2007_011_003_03_E.jpg" "x" "x" "Fête Xango, Candomblé Opo Aganju, Salvador, Brasil, 1972 - 1973. Foto: Pierre Verger http://www.pierreverger.org" "Chant pour un Orisha, divinité yorouba" "Brésil (Salvador de Bahia) et Bénin ; Verger, Pierre (1965-1990 ?)" "Afro-Brasileños" "1965" "Brasil";
"CNRSMH_I_2007_011_007_03", "LIK" "x" "x" "x" "x" "Enquête en Portugais, auprès de Brésiliens retournés au Bénin" "Brésil (Salvador de Bahia) et Bénin ; Verger, Pierre (1965-1990 ?)" "Afro-Brasileños" "1965" "Brasil";
"10 - Atahualpa Yupanqui - Huajra - Camino Del Indio", "LIK" "x" "x" "10 - Atahualpa Yupanqui - Huajra - Camino Del Indio_E.mp4" "Atahualpa Yupanqui en concierto" "Huajira" "Camino Del Indio" "Atahualpa Yupanqui" "1977" "Argentina";
"conjunto morenada - candombe en el uruguay - 01 - llamada", "LIK" "conjunto morenada - candombe en el uruguay - 07 - tamboriles_E.jpg" "x" "x" "x" "llamada" "candombe en el uruguay" "conjunto morenada" "1978" "Uruguay";
"conjunto morenada - candombe en el uruguay - 07 - tamboriles", "LIK" "conjunto morenada - candombe en el uruguay - 07 - tamboriles_E.jpg" "x" "x" "x" "tamboriles" "candombe en el uruguay" "conjunto morenada" "1978" "Uruguay";
"07 Soy Carnaval", "LIK" "x" "x" "x" "x" "Soy Carnaval" "Carnavalitos" "Edmundo P. Zaldivar" "19xx" "Argentina";
"02 - Lo Primero Conjunto Miramar - Reina de cumbias", "LIK" "x" "x" "x" "x" "Reina de cumbias" "Carruseles" "Lo Primero Conjunto Miramar" "1970" "Colombia";
"07 - Lo Primero Conjunto Miramar - Chela", "LIK" "07 - Lo Primero Conjunto Miramar - Chela_E.jpg" "x" "x" "x" "Chela" "Carruseles" "Lo Primero Conjunto Miramar" "1970" "Colombia";
"chants et danses d'amerique latine - 08 - paco sanchez - la monica perez", "LIK" "x" "x" "x" "x" "la monica perez" "chants et danses d'amerique latine" "paco sanchez" "1963" "Venezuela";
"0003-07-silent-night-holy-night", "LIK" "x" "x" "x" "x" "Silent Night, Holy Night" "Christmas is a-coming..." "Andrew Rowan Summers" "1956" "Estados Unidos";
"02 Puerto Rico y Su Combo - La Cumbia Del Pescador", "LIK" "x" "x" "x" "x" "Puerto Rico y Su Combo - La Cumbia Del Pescador" "Curro Fuentes & The Big Band: Cumbia and Descarga Sound Of Colombia (1962-72)" "Curro Fuentes" "19xx" "Colombia";
"diableries peruviennes - 08 - ea huinihuinash", "LIK" "x" "x" "x" "x" "ea huinihuinash" "diableries peruviennes" "varios" "1977" "Peru";
"benitez valencia trio - ecuador - 09 - longuita mia", "LIK" "x" "x" "x" "x" "longuita mia" "ecuador" "benitez valencia trio" "1958" "Ecuador";
"èquateur - 05 - air de ducena", "LIK" "x" "x" "x" "x" "air de ducena" "èquateur" "varios" "1975" "Ecuador";
"fetes indiennes - 01 - carnaval de tinta", "LIK" "x" "x" "x" "x" "carnaval de tinta" "fetes indiennes" "varios en Cuzco" "19xx" "Peru";
"fiestas of peru - 03 - puru purucha", "LIK" "fiestas of peru - 04 - lamento andino yaravi_E.jpg" "x" "x" "x" "puru purucha" "fiestas of peru" "Habitantes de Paucartambo" "1968" "Peru";
"fiestas of peru - 04 - lamento andino yaravi", "LIK" "fiestas of peru - 04 - lamento andino yaravi_E.jpg" "x" "x" "x" "lamento andino: yaravi" "fiestas of peru" "harp solo" "1968" "Peru";
"flute indienne - 07 - diablada", "LIK" "flute indienne - 07 - diablada_E.jpg" "x" "x" "x" "diablada" "flute indienne" "varios" "19xx" "Bolivia";
"Dionisio Ayala-Guaranias Eternas II-04-ANAHI", "LIK" "x" "x" "x" "x" "Anahi" "Guaranías Eternas" "Dionisio Ayala" "1968" "Paraguay";
"CNRSMH_E_1959_008_001_001_02", "LIK" "x" "x" "x" "x" "Choeur, accompagnement de flûte et tambour 001_02" "Guyane - chants, danses - appel du gibier" "Kalina ou kali'na" "1953" "Guayana Francesa";
"roberto guarani - harpe paraguayenne - 03 - cascada", "LIK" "x" "x" "x" "x" "cascada" "harpe paraguayenne" "roberto guarani" "1970" "Paraguay";
"roberto guarani - harpe paraguayenne - 12 - moliendo cafe", "LIK" "x" "x" "x" "x" "moliendo cafe" "harpe paraguayenne" "roberto guarani" "1970" "Paraguay";
"CNRSMH_I_2000_004_012_08", "LIK" "x" "x" "x" "x" "Langage tambouriné (formule 8)" "Hurault, J. ; Guyane : Boni, Wayana, Wayapi ; 1957-65" "Boni (Aluku)" "1957" "Guayana Francesa";
"indios del sol - 01 - bolivia - carnaval d'oruro", "LIK" "indios del sol - 03 - bolivia - corne d'appel des bergers_E.jpg" "x" "x" "x" "carnaval d'oruro" "indios del sol" "bolivia" "1970" "Bolivia";
"indios del sol - 03 - bolivia - corne d'appel des bergers", "LIK" "indios del sol - 03 - bolivia - corne d'appel des bergers_E.jpg" "x" "x" "x" "corne d'appel des bergers" "indios del sol" "bolivia" "1970" "Bolivia";
"indios del sol - 09 - peru - inti-raymi", "LIK" "indios del sol - 03 - bolivia - corne d'appel des bergers_E.jpg" "x" "x" "x" "inti-raymi" "indios del sol" "peru" "1970" "Peru";
"sergio cuevas - la harpe indienne - 02 - som coiman", "LIK" "sergio cuevas - la harpe indienne - 02 - som coiman.jpg" "x" "x" "x" "som coiman" "la harpe indienne" "sergio cuevas" "1969" "Paraguay";
"sergio cuevas - la harpe indienne - 03 - misionera", "LIK" "sergio cuevas - la harpe indienne - 02 - som coiman.jpg" "x" "x" "x" "misionera" "la harpe indienne" "sergio cuevas" "1969" "Paraguay";
"sergio cuevas - la harpe indienne - 07 - cascada", "LIK" "sergio cuevas - la harpe indienne - 02 - som coiman.jpg" "x" "x" "x" "cascada" "la harpe indienne" "sergio cuevas" "1969" "Paraguay";
"MAMÁ CHE MOSÉ (DANZA PARAGUAYA)", "LIK" "x" "x" "x" "x" "Mamá Ché Mosé" "Mamá Ché Mosé"   "Paraguay";
"7-17 Relembrando", "LIK" "x" "x" "x" "x" "Relembrando" "Memórias Musicais Vol. 07: Luís Americano e Ratinho" "Luís Americano" "2002" "Brasil";
"14-10 Urubatan", "LIK" "x" "x" "x" "x" "Urubatan" "Memórias Musicais Vol. 14: Pixinguinha Vol. 3" "Orquestra Victor Brasileira" "2002" "Brasil";
"mountain music of peru - 03 - folk and popular music - catholic mass song", "LIK" "x" "x" "x" "x" "catholic mass song" "mountain music of peru" "folk and popular music" "1966" "Peru";
"mountain music of peru - 11 - quechua - pina pinculu 1 flute", "LIK" "mountain music of peru - 11 - quechua - pina pinculu 1 flute_E.jpg" "x" "x" "x" "pina pinculu 1 flute" "mountain music of peru" "quechua" "1966" "Peru";
"mountain music of peru - 37 - quechua - colla marriage song", "LIK" "x" "x" "x" "x" "colla marriage song" "mountain music of peru" "quechua" "1966" "Peru";
"mountain music of peru - 42 - santiago - long wooden tube", "LIK" "x" "x" "x" "x" "long wooden tube" "mountain music of peru" "santiago" "1966" "Peru";
"mountain music of peru - 56 - aymara - lullaby", "LIK" "x" "x" "x" "x" "lullaby" "mountain music of peru" "aymara" "1966" "Peru";
"music from the land of macchu picchu - 14 - en el hospital de amores", "LIK" "music from the land of macchu picchu - 14 - en el hospital de amores_E.jpg" "x" "x" "x" "en el hospital de amores" "music from the land of macchu picchu" "Juan Zarate Solier / Ayacucho" "1975" "Peru";
"1-earlyMorningBirds+deer-bone_flute-2'55", "LIK" "1-earlyMorningBirds+deer-bone_flute-2'55_E.jpg" "OBJETO: Flauta
MATERIALES: Hueso de danta con cabuya envuelta.
TAMAÑO: 2.5 cm. x 13 cm.
ETNIA: Tukano
REGIÓN: Amazónica" "x" "x" "1-earlyMorningBirds+deer-bone_flute-2'55" "Music of the Tukano and Cuna Peoples of Colombia - rec 1960-1961Pogue Rec 1987" "cuna people" "1960" "Colombia";
"ensemble achalay - musique des andes - 14 - arpita", "LIK" "x" "x" "x" "x" "arpita" "musique des andes" "ensemble achalay" "19xx" "Ecuador";
"ensemble achalay - musique des andes - 02 - ofrenda al niño jesus", "LIK" "x" "x" "x" "x" "ofrenda al niño jesus" "musique des andes" "ensemble achalay" "19xx" "Peru";
"musiques de pÇrou paucartambo indiens q'eros - 11 - danse del ucucu", "LIK" "x" "x" "x" "x" "danse del ucucu" "musiques de pérou: paucartambo indiens q'eros" "Habitantes de Paucartambo" "1965" "Peru";
"09 Chant Du Jawari", "LIK" "09 Chant Du Jawari_E.jpg" "x" "x" "x" "Chant Du Jawari" "Musiques du Haut Xingu — Ocora C 580022" "Bresil" "1977" "Brasil";
"CNRSMH_I_1968_032_001_15", "LIK" "CNRSMH_I_1968_032_001_15_E.jpg" "x" "x" "x" "SUR L'ARC-EN-CIEL" "PARAGUAY - ZONE ORIENTALE, ARROYO MORITI ; GUAYAKI, GUARANI ; P. CLASTRES" "Guayaki people" "1963" "Paraguay";
"CNRSMH_I_1968_032_001_29", "LIK" "x" "x" "x" "x" "POUR FAIRE PARTIR L'ARC-EN-CIEL" "PARAGUAY - ZONE ORIENTALE, ARROYO MORITI ; GUAYAKI, GUARANI ; P. CLASTRES" "Guayaki people" "1963" "Paraguay";
"CNRSMH_I_1968_032_005_03", "LIK" "CNRSMH_I_1968_032_005_03_E.jpg" "x" "x" "x" "POUR LES PREMIERES MENSTRUATIONS" "PARAGUAY - ZONE ORIENTALE, ARROYO MORITI ; GUAYAKI, GUARANI ; P. CLASTRES" "Guayaki people" "1963" "Paraguay";
"CNRSMH_I_1968_032_005_09", "LIK" "CNRSMH_I_1968_032_005_03_E.jpg" "x" "x" "x" "REPRISE DES RECITS PRECEDENTS" "PARAGUAY - ZONE ORIENTALE, ARROYO MORITI ; GUAYAKI, GUARANI ; P. CLASTRES" "Guayaki people" "1963" "Paraguay";
"CNRSMH_I_1968_032_007_16", "LIK" "x" "x" "x" "x" "UN CAPIVARA" "PARAGUAY - ZONE ORIENTALE, ARROYO MORITI ; GUAYAKI, GUARANI ; P. CLASTRES" "Guayaki people" "1963" "Paraguay";
"CNRSMH_I_1968_032_007_28", "LIK" "x" "x" "x" "x" "CHANT DE CHASSE" "PARAGUAY - ZONE ORIENTALE, ARROYO MORITI ; GUAYAKI, GUARANI ; P. CLASTRES" "Guayaki people" "1963" "Paraguay";
"Paraguay. Guarani Nandeva & Ayoreo [Ocora] - 06 - Wyrakamyta Mi (Cardinal Bird)", "LIK" "x" "x" "x" "x" "Wyrakamyta Mi (Cardinal Bird)" "Paraguay. Guarani Nandeva & Ayoreo" "Various" "2002" "Paraguay";
"Paraguay. Guarani Nandeva & Ayoreo [Ocora] - 15 - Idem", "LIK" "x" "x" "x" "x" "Variations Inspirées De Thèmes" "Paraguay. Guarani Nandeva & Ayoreo" "Various" "2002" "Paraguay";
"PHv2 03 Malambo", "LIK" "x" "x" "x" "x" "Malambo" "Paraguayan Harp, Vol. 2" "Ed Lange and His Trio Andeno" "1977" "Paraguay";
"PHv2 06 Mi Atarraya (My Fishing Net)", "LIK" "x" "x" "x" "x" "Mi Atarraya (My Fishing Net)" "Paraguayan Harp, Vol. 2" "Ed Lange and His Trio Andeno" "1977" "Paraguay";
"bezerra & genaro da silva - partido alto nota 10 - 01 - a necessidade", "LIK" "x" "x" "x" "x" "a necessidade" "partido alto nota 10" "bezerra & genaro da silva" "1977" "Brasil";
"bezerra & genaro da silva - partido alto nota 10 - 06 - chico chora", "LIK" "x" "x" "x" "x" "chico chora" "partido alto nota 10" "bezerra & genaro da silva" "1977" "Brasil";
"bezerra da silva - partido alto nota 10 vol2 - 04 - apolo do samba", "LIK" "x" "x" "x" "x" "apolo do samba" "partido alto nota 10 vol2" "bezerra da silva" "1979" "Brasil";
"CNRSMH_E_1972_014_001_001_07", "LIK" "x" "x" "CNRSMH_E_1972_014_001_001_08_E.mp4" "Los Onas - Vida y Muerte en Tierra del Fuego - De Anne Chapman - (1977) " "Chant Chamanique (n°7)" "Selk'nam (Ona) Chants of Tierra del Fuego, Argentina" "Lola Kiepja / Selk'nam (Ona)" "1966" "Argentina";
"CNRSMH_E_1972_014_001_001_08", "LIK" "x" "CNRSMH_E_1972_014_001_001_08_E.txt" "CNRSMH_E_1972_014_001_001_08_E.mp4" "Los Onas - Vida y Muerte en Tierra del Fuego - De Anne Chapman - (1977) " "Chant Chamanique (n°8)" "Selk'nam (Ona) Chants of Tierra del Fuego, Argentina" "Lola Kiepja / Selk'nam (Ona)" "1966" "Argentina";
"los corazas, carlos bonilla, gonzalo castro - sortilege de la flute equatorienne - 10 - carvana indigena", "LIK" "los corazas, carlos bonilla, gonzalo castro - sortilege de la flute equatorienne - 10 - carvana indigena_E.jpg" "x" "x" "x" "carvana indigena" "sortilege de la flute equatorienne" "carlos bonilla" "1975" "Ecuador";
"gerardo servin - sortilege de la harpe des andes - 08 - chacareando", "LIK" "x" "x" "x" "x" "chacareando" "sortilege de la harpe des andes" "gerardo servin" "1969" "Paraguay";
"Facio Santillan-Sortilegio de la flauta de Los Andes-Volumen 1-03-La vieja chacarera", "LIK" "Facio Santillan-Sortilegio de la flauta de Los Andes-Volumen 1-03-La vieja chacarera_E.jpg" "x" "x" "x" "La vieja chacarera" "Sortilegio, vol. 1" "Facio Santillán" "1969" "Argentina";
"13 - Luzmila Carpio - Ch'uwa Yaku Kawsaypuni", "LIK" "x" "x" "x" "x" "Ch'uwa Yaku Kawsaypuni (El Agua Cristalina Es Vida)" "Lo mejor de Luzmila Carpio. cantos quechua-aymaras de los andes" "Luzmila Carpio" "2013" "Bolivia";
"viracocha - 08 - tupac amaru", "LIK" "viracocha - 08 - tupac amaru_E.jpg" "x" "x" "x" "tupac amaru" "viracocha" "Habitantes de Paucartambo" "1972" "Peru";
"La Mechuda", "LIK" "x" "x" "x" "x" "La Mechuda" "Yo me he Criao a Puro Campo" "Atahualpa Yupanqui" "1971" "Argentina";
"ze' cupido e sua sanfona de oito baixos - 11 - frevo de ze'", "LIK" "ze' cupido e sua sanfona de oito baixos - 11 - frevo de ze'_E.jpg" "x" "x" "x" "frevo de ze'" "ze' cupido e sua sanfona de oito baixos" "ze' cupido" "1972" "Brasil";
"01 - Teals Descending on the Level Sand", "Yesu Wane Entrance" "x" "x" "x" "x" "Teals Descending on the Level Sand" "Lost Sounds of the Tao" "Lo Ka Ping" "1970" "China";
"01.Shunkan", "Yesu Wane Entrance" "x" "x" "x" "x" "Shunkan" "Biwa, The World of Tsuruta Kin" "Mochizuki/Ako/Tsuruta Kinshi" "1995" ;
"02. Amale Sodhlin Kha I Chora Bhanlin", "Yesu Wane Entrance" "x" "x" "x" "x" "Amale Sodhlin Kha I Chora Bhan" "Folk Music Of Nepal" "VA" "1994" ;
"02. Entrance of Rama and Sitha; Rama chases the golden deer", "Yesu Wane Entrance" "x" "x" "x" "x" "Entrance of Rama and Sitha" "Kecak and Sanghyang of Bali" "VA" "1992" "Kicc_musica del mundo";
"05 - T.M. Sounderarajan - Mannanalum Thiruchenduril", "Yesu Wane Entrance" "x" "x" "x" "x" "Mannanalum Thiruchenduril" "I Left Her Standing There [Tristes Humanistes]" "T.M. Sounderarajan" "null" ;
"05 Mood Indigo", "Yesu Wane Entrance" "x" "x" "x" "x" "Mood Indigo" "Vol. I: Evening In The Islands" "Essential Resophonics" "2003" "Hawaii";
"05 Seance In The Sixth Fret", "Yesu Wane Entrance" "x" "x" "x" "x" "Seance In The Sixth Fret" "Exuma" "Exuma" "1970" "Folk Bahamas";
"05 edward", "Yesu Wane Entrance" "x" "x" "x" "x" "Edward" "American Folk & Gambling Songs" "John Jacob Niles" "1956" "Folk";
"06 Yesu Ka Mkwebaze", "Yesu Wane Entrance" "x" "x" "x" "x" "Yesu Ka Mkwebaze" "Lipa Kodi Ya City Council" "Noviciat De Soeurs Missionaires" "1967" "Other";
"07. Wane Tela Jila Thau Kalaya Tha Che", "Yesu Wane Entrance" "x" "x" "x" "x" "Wane Tela Jila Thau Kalaya Tha" "Folk Music Of Nepal" "VA" "1994" "Kicc_musica del mundo";
"08 Alpufzug-1", "Yesu Wane Entrance" "x" "x" "x" "x" "Alpufzug" "Brass Pins And Match Heads: International 78s" "Jodlerklub Thun" "null" ;
"09 - Claude Vinh San et le Jazz Tropical - Maloya", "Yesu Wane Entrance" "x" "x" "x" "x" "Maloya" "End Of The World Party" "Claude Vinh San et le Jazz Tropical" "1970" "Other";
"09 Akazehe par une jeune fille", "Yesu Wane Entrance" "x" "x" "x" "x" "Akazehe par une jeune fille" "[ocora] Burundi: Musiques Traditionnelles" "Various Artists" "1967" "ocora label";
"10. Stroudwater - Psalm 46 vv. 1 & 2", "Yesu Wane Entrance" "x" "x" "x" "x" "Stroudwater - Psalm 46 vv. 1 & 2" "Eileen Aroon c120" "Donald MacLeod & Congregation" "1975" "Autumnal";
"A2 Partido Alto", "Yesu Wane Entrance" "x" "x" "x" "x" "Partido Alto" "Batucada No. 3 The Exciting Rhythm of the Wild Brazilian Carnival" "Escola de Samba da Cidade" "null" ;
"B1 Raga Multani - Alap - Dhamar in Dhamar Tal 27'30", "Yesu Wane Entrance" "x" "x" "x" "x" "Raga Multani Alap" "musiques de l´asie traditionelle vol 9. Inde du nord" "Dhrupad et dhamar" "1977" "Other";
"CD3 03 Papua New Guinea [Kaluli] Aheyalo song", "Yesu Wane Entrance" "x" "x" "x" "x" "Papua New Guinea [Kaluli] Aheyalo song" "Voices of the World - An Anthology of Vocal Expression - Polyphonics" "Various" "null" "Other";
"T695R06_Interview with Juan (Pastor) Campo Barquillas about Pernales el bandolero", "Yesu Wane Entrance" "x" "x" "x" "x" "Interview with Juan (Pastor) Campo Barquillas about Pernales el bandolero" "Cáceres II 10/52" "Barquillas, Juan (Pastor) Campo" "1952" "Other;Other";
"01 Wayang Wong", "witch" "x" "x" "x" "x" "Wayang Wong" "Les Musiques Du Ramayana, Vol. 3: Bali/Sunda" "Orchestre de la troupe de Telepud" "1971" "Bali";
"05 Clarinettes Taquara", "witch" "x" "x" "x" "x" "Clarinettes Taquara" "Musiques du Haut Xingu — Ocora C 580022" "Haut Xingu people" "1976" "Brasil";
"05 Mogombi (Appel de chasse)", "witch" "x" "x" "x" "x" "Mogombi (Appel de chasse)" "[ocora] Africa Centrafrique Anthologies de La Musique Des Pygmees" "aka pigmee" "1978" "Rep. Centroafricana";
"08 Arc De Chasse", "witch" "x" "x" "x" "x" "Arc De Chasse" "Namibie: Bushmen Ju'hoansi - Musique Instrumentale" "Various" "1995" "Africa";
"08 Ceremonie du Kuarup", "witch" "x" "x" "x" "x" "Ceremonie du Kuarup" "Musiques du Haut Xingu — Ocora C 580022" "Haut Xingu people" "1976" "Brasil";
"1 Laramu 4'11-1", "witch" "x" "x" "x" "x" "laramu" "Uganda - Nanga special" "unknown" "19--" "Africa";
"1. Ahi Gavegave", "witch" "x" "x" "x" "x" "Ahi Gavegave" "Vanuatu. New Hebrides Ritual & Custom Music" "Various" "1970" "Nuevas hebridas";
"14. Rogativas", "witch" "x" "x" "x" "x" "Rogativas" "volumen 09 - Murcia - Tenerife - Cádiz - Ciudad Real - Cáceres. MAGNA ANTOLOGÍA DEL FOLKLORE ESPAÑOL" "Various" "1980" "España";
"20. Conque", "witch" "x" "x" "x" "x" "Conque" "Amdo: Monastère Tibétain De Labrang" "Various" "1996" "Tibet";
"31. Vaqueirada II", "witch" "x" "x" "x" "x" "Vaqueirada II" "volumen 07 - Extremadura - Asturias. MAGNA ANTOLOGÍA DEL FOLKLORE ESPAÑOL" "*VARIOS ARTISTAS*" "1980" "España";
"32 Mi caja Llora", "witch" "x" "x" "x" "x" "Mi caja llora" "Grito en el Cielo - Vol 1" "Leda Valladares" "1994" "Argentina";
"A Musical Anthology of the Orient - India IV -  Side B - 3. Tuning of the vina", "witch" "x" "x" "x" "x" "Tuning of the vina" "A Musical Anthology of the Orient - India IV" "Various" "1973" "India";
"A1 Various flutes and trumpet", "witch" "x" "x" "x" "x" "A1 Various flutes and trumpet" "LP 2 - Tukano Tribes of the North West Amazon / Makuna of the North West Amazon" "Various" "1960" "Colombia";
"Animals of Africa 02 Vervet Monkey", "witch" "x" "x" "x" "x" "Vervet Monkey" "Animals of Africa: Sounds of the Jungle, Plain & Bush" "Vervet Monkey" "1973" "Naturaleza";
"Arménie. Musiciens Traditionnels Du Tavush [Inedit] - 03 - B'ibuli Hit (Sring)", "witch" "x" "x" "x" "x" "B'ibuli Hit (Sring)" "Arménie. Musiciens Traditionnels Du Tavush [Inedit]" "Zaven Azibekian and kamo nazarian" "2002" "Armenia";
"B1-ThreeWhaleTrip-16'19", "witch" "x" "x" "x" "x" "Three Whale Trip" "Songs of the Humpback Whale" "Humpback Whale" "1970" "Naturaleza";
"CNRSMH_E_1958_006_003_001_01", "witch" "x" "x" "x" "x" "Pour faire danser les femmes" "Afrique - Vol.3 - Batteries africaines" "Adioukrou, Baoulé, KONON, Malinké, Nago" "1952" "Varios paises";
"CNRSMH_E_2013_012_001_01", "witch" "x" "x" "x" "x" "Wedding song (Izwirrign) of the Ida Ouzddout _01" "Towards a Comparison of Wedding Rituals in Morocco" "varios" "1979" "Marruecos";
"Tibet. Musiques Sacrées [Ocora] - 05 - Cérémonie De Bénédiction", "witch" "x" "x" "x" "x" "Cérémonie De Bénédiction" "Tibet. Musiques Sacrées" "Various" "1971" "Tibet";
"Vietnam. Anthology Of Ede Music - 02 - Le Sifflement Du Vent", "witch" "x" "x" "x" "x" "Le Sifflement Du Vent" "Viêtnam: Anthology Of Êdê Music" "Various" "1997" "Vietnam";
"Vietnam. Music From Hué - 01 - Tam Luan Cuu Chuyen (Three Wheels, Nine Variations)", "witch" "x" "x" "x" "x" "Tam Luan Cuu Chuyen (Three Wheels, Nine Variations)" "Vietnam. Music From Hué. Court Music And Hué Songs" "Various" "1997" "Vietnam";
"Witch Stories", "witch" "x" "x" "x" "x" "Witch Stories" "Library of Congress Recordings" "Aunt Molly Jackson" "1939" "Estados Unidos";
"b2 - Donkey Wants Water", "witch" "x" "x" "x" "x" "Donkey Wants Water" "Let's Go Calypso! Top Singers And Bands From The Bahamas" "Bay Street Boys" "195-" "Calypso";
"folk music of venezuela - 11 - canto para matar laculebra", "witch" "x" "x" "x" "x" "canto para matar la culebra" "folk music of venezuela" "Pablo Madrid en Curiepe" "1940" "Venezuela";
"01 - Lo Primero Conjunto Miramar - Carruseles", "Whales" "x" "x" "x" "x" "Carruseles" "Carruseles" "Lo Primero Conjunto Miramar" "1968" "Tropical de Colombia";
"01 - Los Exagerados - Panama esta bueno y... ma", "Whales" "x" "x" "x" "x" "Panama esta bueno y... ma" "Panama! Latin, Calypso & Funk on the Isthmus 1965-75" "Los Exagerados" "1965" "Latin, calypso & funk";
"01 Gomikail Bak Borai", "Whales" "x" "x" "x" "x" "Gomkail. Bak, Borai" "Sacred Flute Music From New Guinea. Vol 2" "Various" "1976" "Folk";
"042 Poemes phonetiques-1", "Whales" "x" "x" "x" "x" "Poèmes phonétiques" "Dada et la musique" "Raoul Hausmann" "1918" "Classical";
"06 Nasori", "Whales" "x" "x" "x" "x" "Nasori" "Japon. Gagaku" "Société Ono Gagaku Kaï" "1979" "Traditional";
"08 Hoai Xuan", "Whales" "x" "x" "x" "x" "Hoài Xuân" "Viêtnam. Poésies Et Chants" "Various" "1994" "Traditional";
"1-MusiqueSamreDesCardamomes-3'11", "Whales" "x" "x" "x" "x" "Musique Samre Des Cardamomes" "Cambodge - Musique Samre des Cardamomes " "Various" "1969" ;
"10 Kawa", "Whales" "x" "x" "x" "x" "Kawa" "Huli Highlands. Papua New Guinea" "Various" "1974" "Folk";
"11 Biga Lai Sahar (I Cannot Sleep)", "Whales" "x" "x" "x" "x" "Biga Lai Sahar (""I Cannot Sleep"") *Old 'Camel-Beat' song. El Kably accompanied by Ud & Shetem drums" "Sudan : The Music and Songs of Abdel Karim el Kably" "Abdel Karim el Kably" "1963" "Nubian";
"15 Hand_Games", "Whales" "x" "x" "x" "x" "Hand Games" "Sakhalin: Vocal And Instrumental Music" "Nivkh Ujl'Ta" "null" ;
"17 Voice_Modifier_Kalni", "Whales" "x" "x" "x" "x" "Voice Modifier Kal'ni" "Sakhalin: Vocal And Instrumental Music" "Nivkh Ujl'Ta" "null" ;
"2. Marching to Utah", "Whales" "x" "x" "x" "x" "Marching to Utah" "Folk Music in America, Vol. 6 - Songs of Migration & Immigration" "Rose Thompson" "1947" "Folk";
"28 - (anna dimitrievna neostroeva)  tundra birds, 2", "Whales" "x" "x" "x" "x" "Tundra Birds, 2" "Siberia: Songs Of Nature And Animals" "Anna Dimitrievna Neostroeva" "null" ;
"31 - Jodler (Mittelsteiermark)", "Whales" "x" "x" "x" "x" "Jodler" "Austria: A Mosaic of Music" "Various" "2001" "Austria";
"B3-RedBackedBuzzard", "Whales" "x" "x" "x" "x" "03 B3-RedBackedBuzzard" "South Atlantic Islands - A Portrait of Falkland Islands Wild Life" "Various" "1971" ;
"Japanese Masterpieces for the Shakuhachi 02 Sekiheki no Fu", "Whales" "x" "x" "x" "x" "Sekiheki no Fu" "Japanese Masterpieces for the Shakuhachi" "The Masters of Meian-ryu, Kimpu-ryu, Tozan-ryu, and Kikusui-ryu" "1991" ;
"The Singing Humpbacks 04 Caribbean Singers", "Whales" "x" "x" "x" "x" "Caribbean Singers" "The Singing Humpbacks" "Marine Mammal Fund" "1960" ;
"UranusRingen", "Whales" "x" "x" "x" "x" "Uranus Ringen" "Rings of uranus" "Nasa voyager" "1986" ;
"02 Danza Mora", "vietnam-detroit" "x" "x" "x" "x" "Danza Mora" "Mata la Pena" "Canajas" "2009" "World";
"08 Cumbia en la India", "vietnam-detroit" "x" "x" "x" "x" "Cumbia en la India" "A Orillas del Magdalena" "Andres Landero y Su Conjunto" "2009" "Cumbia";
"18. our prayer", "vietnam-detroit" "x" "x" "x" "x" "Our Prayer" "VA - Just A Closer Walk With Thee" "Albert Ayler" "1967" "krunk";
"33PIX-108 07 Sunrise", "vietnam-detroit" "x" "x" "x" "x" "Sunrise" "v/a - pleng thai wong kromsinlapakon" "Phipat Band and Pravej Kumut"  ;
"Accent on Steam v1 14 Czechoslovakian 2-10-0, Class 556", "vietnam-detroit" "x" "x" "x" "x" "Czechoslovakian 2-10-0, Class 556" "Accent on Steam Volume One" "Arkay Enterprises" "1978" "checosovaquia";
"BTCG 04 Ketjak or Monkey Dance [excerpts]", "vietnam-detroit" "x" "x" "x" "x" """Ketjak"" or Monkey Dance [excerpts]" "Bali - The Celebrated Gamelans" "Various" "1972" ;
"CMOJ 07 Hontechoshi", "vietnam-detroit" "x" "x" "x" "x" "Hontechoshi" "v/a - Classical Music of Japan" "Meianji priests" "1965" ;
"CTR219 02 fon man (fon lep)", "vietnam-detroit" "x" "x" "x" "x" "fon man (fon lep)" "chui chai phram" "piphat khana phathoykoson"  ;
"Dan Masks 01 Geego 'Male Mask'", "vietnam-detroit" "x" "x" "x" "x" "Geego ""Male Mask""" "Ivory Coast: Dan Masks" "The Dan people" "1965" "Unknown genre";
"ECOTMOC 07 Water Lily", "vietnam-detroit" "x" "x" "x" "x" "Water Lily" "v/a - Eleven Centuries of Traditonal Music of China" "Yang Sze-chak" "1988" ;
"Jali Kunda 09 Jula Jekereh", "vietnam-detroit" "x" "x" "x" "x" "Jula Jekereh" "Jali Kunda: Griots of West Africa & Beyond" "Foday Musa Suso" "1996" "Unknown genre";
"Japan Revisted 05 Kappore", "vietnam-detroit" "x" "x" "x" "x" "Kappore" "Japan Revisited" "Mamoru Miyagi and the Graduates of Tokyo's University of Arts"  ;
"Japanese Koto Classics 03 Midare", "vietnam-detroit" "x" "x" "x" "x" "Midare" "Japanese Koto Classics" "Shinichi Yuize" "1966" ;
"MITWOIHVL 03 Houri", "vietnam-detroit" "x" "x" "x" "x" "Houri" "v/a - Music in the World of Islam: The Human Voice/Lutes" "Habibola Halika" "1975" ;
"PHv2 07 El Tren (The Train)", "vietnam-detroit" "x" "x" "x" "x" "El Tren (The Train)" "Paraguayan Harp, Vol. 2" "Ed Lange and His Trio Andeno" "1977" ;
"Vietnam 10 Dan Moi Sat", "vietnam-detroit" "x" "x" "x" "x" "Dan Moi Sat" "Music of Vietnam" "Tran Quang Hai and Hoang Mong Thuy" "1980" ;
"a2. willard artis 'blind pete' burrell - do remember me", "vietnam-detroit" "x" "x" "x" "x" "do remember me" "VA - Sorrow Come Pass Me Around" "willard artis 'blind pete' burrell" "1969" "Gospel";
"a5-Ibo Lele (ibo)", "vietnam-detroit" "x" "x" "x" "x" "a5-Ibo Lele (ibo)" "Voices Of Haiti" "Unknown Haitian ceremony participants" "1953" ;
"b4-Po' Drapeaux (petro mazonnei)", "vietnam-detroit" "x" "x" "x" "x" "b4-Po' Drapeaux (petro mazonnei)" "Voices Of Haiti" "Unknown Haitian ceremony participants" "1953" ;
"02 Cocaine-1", "Twin Cheganca" "x" "x" "x" "x" "Cocaine" "True Story of Abner Jay" "Abner Jay" "null" "Blues";
"02. Trutuk Kau Ngorong-1", "Twin Cheganca" "x" "x" "x" "x" "Trutuk Kau Ngorong" "The Muisc of Lombok" "VA" "1995" "Kicc_musica del mundo";
"02.Baglama Solo-1", "Twin Cheganca" "x" "x" "x" "x" "Baglama Solo" "Turkish Folk Songs and Instrumental music" "VA" "1988" "Kicc_musica del mundo";
"05 - cheganca", "Twin Cheganca" "x" "x" "x" "x" "cheganca" "Sertão e Favelas" "Zelia Barbosa" "1968" "Brazil";
"07 - Banda Bajera de San Pelayo - Descarga en Cumbia-1", "Twin Cheganca" "x" "x" "x" "x" "Descarga en Cumbia" "va -- Try Dance To This [Tristes Humanistes]" "Banda Bajera de San Pelayo" "null" ;
"07 - tree house", "Twin Cheganca" "x" "x" "x" "x" "Tree House" "World of Echo" "Arthur Russell" "1986" "Rock";
"07. Ga-Mashiebii - Wuobi (Akroma)-1", "Twin Cheganca" "x" "x" "x" "x" "Wuobi (Akroma)" "va - Bei Mir Bist Du Schön [Tristes Humanistes]" "Gaamashiebii Cultural Troupe" "1970" "Other;Other";
"08. Beinbaung - Hsaing Waing Ensemble-1", "Twin Cheganca" "x" "x" "x" "x" "Beinbaung - Hsaing Waing Ensem" "Music of Myanmar" "VA" "1994" "Kicc_musica del mundo";
"1-01 Surah Al-Haaqqa, Pt. 1 (Arabic; Egypt)-1", "Twin Cheganca" "x" "x" "x" "x" "Surah Al-Haaqqa, Pt. 1 (Arabic; Egypt)" "Opika Pende: Africa at 78 rpm" "Cheikh Amin Hasanayn" "null" "World";
"13 - Washington Phillips - Lift Him Up That's All-1", "Twin Cheganca" "x" "x" "x" "x" "Lift Him Up That's All" "Garuna (Spring) [Tristes Humanistes]" "Washington Phillips" "1927" "Other;Other";
"13. Dasan Agung - Rebana Desa Nyelot-1", "Twin Cheganca" "x" "x" "x" "x" "Dasan Agung" "The Muisc of Lombok" "Rebana Desa Nyel" "1995" "Kicc_musica del mundo";
"14 - herbert misango - msichana auma", "Twin Cheganca" "x" "x" "x" "x" "msichana auma" "va - Before Benga Vol.1: Kenya Dry [OMCD 021]" "Various Artists" "1988" "Kenya";
"16 Groupes de tambours royaux avec appels de trompes-1", "Twin Cheganca" "x" "x" "x" "x" "Groupes de tambours royaux avec appels de trompes" "Burundi: Musiques Traditionnelles" "Various Artists" "1967" "ocora label";
"19 elder id beck - testimony", "Twin Cheganca" "x" "x" "x" "x" "Testimony" "Voices from the American South" "Elder ID Beck" "1959" "Alan Lomax";
"2 If I Had My Way", "Twin Cheganca" "x" "x" "x" "x" "If I Had My Way" "If I Had My Way: Early Home Recordings" "reverend gary davis" "1954" "Other;Other";
"21 O Fthisikos (1936)-1", "Twin Cheganca" "x" "x" "x" "x" "O Fthisikos (1936)" "Rembetika: Songs Of The Greek Underground 1925-1947 Disc 2" "Kostas Roukounas" "null" "World";
"3. Piri-Sinawi-1", "Twin Cheganca" "x" "x" "x" "x" "Piri-Sinawi" "Sinawi Music of Korea" "VA" "1994" "Kicc_musica del mundo";
"39 - (ekaterina ivanova tymkil)  let us dance and sing a little", "Twin Cheganca" "x" "x" "x" "x" "Let Us Dance And Sing A Little" "Siberia: Songs Of Nature And Animals" "Ekaterina Ivanova Tymkil" "0019" "Other";
"Twin Sisters-1", "Twin Cheganca" "x" "x" "x" "x" "Twin Sisters" "There is no eye: recordings of musicians photographed by john cohen" "Sidna Myers" "1965" "Other";
"b3 - mohammed hamood al-awami - wahed mazawag-1", "Twin Cheganca" "x" "x" "x" "x" "Wahed Mazawag" "Qat, Coffee & Qambus" "Mohammed Hamood Al-Awami" "null" "Other";
"01 - Al-Kartch-1", "Tunnings from my brother" "x" "x" "x" "x" "Al-Kartch" "Music of the Nubians, Aswan, Egypt" "Aswan Troupe for Folkloric Arts" "1998" "Music of islam";
"02 Chant de femmes-1", "Tunnings from my brother" "x" "x" "x" "x" "Chant de femmes" "[ocora] Burundi: Musiques Traditionnelles" "Various Artists" "1967" "ocora label";
"02.Dannoura-1", "Tunnings from my brother" "x" "x" "x" "x" "Dan no ura" "Biwa, The World of Tsuruta Kin" "Mizuki Yoko/Tsuruta Kinshi" "1972" "Kicc_musica del mundo";
"03 - Nubian Rhythms", "Tunnings from my brother" "x" "x" "x" "x" "Nubian Rhythms" "Music of the Nubians, Aswan, Egypt" "VA" "1998" "Music of islam";
"04 - Zafa", "Tunnings from my brother" "x" "x" "x" "x" "Zafa" "Music of the Nubians, Aswan, Egypt" "VA" "1998" "Music of islam";
"06 - Forkey Deer - Sidna Myers, Hillsvill, VA-1", "Tunnings from my brother" "x" "x" "x" "x" "Forkey Deer" "High Atmosphere" "Sidna Myers, Hillsvill, VA" "1965" "Other";
"07.Tolagai-1", "Tunnings from my brother" "x" "x" "x" "x" "Toliagai" "Music of Kazakhstan I" "Kairat Baibosynov

Kairat Baibosynov" "1994" "Other";
"10 - Half Shaved - Wade Ward, Independence, VA-1", "Tunnings from my brother" "x" "x" "x" "x" "Half Shaved" "High Atmosphere" "Wade Ward, Independence, VA" "1965" "Other";
"11 A Mi Mata la Pena-1", "Tunnings from my brother" "x" "x" "x" "x" "A Mi Mata la Pena" "Mata la Pena" "Manuel Vallejo" "1935" "World";
"24-madisons_lively_stones_-_its_time_to_make_a_change-1", "Tunnings from my brother" "x" "x" "x" "x" "It's Time to Make A Change" "Classic African American Gospel" "VA" "1994" "Gospel";
"A11-EskimoTravelSong-0'49", "Tunnings from my brother" "x" "x" "x" "x" "Eskimo Travel Song" "The Music Of Primitive Man"  "null" ;
"A19-CunaShamanChant-03", "Tunnings from my brother" "x" "x" "x" "x" "Cuna Shaman´s Chant" "The Music Of Primitive Man" "cuna people" "1973" ;
"A9-LaplandSamiJoik-1'18", "Tunnings from my brother" "x" "x" "x" "x" "Lapland sami Joik" "The Music Of Primitive Man" "Sami people" "1973" "Other";
"AzizMian-A-29'55", "Tunnings from my brother" "x" "x" "x" "x" "Bakhsh deta too bat kuchh Bhi na thi" "Qawwal" "Aziz Mian" "1978" "Other";
"Haj_Mehdi_Ben_Mbarak-Assife_ingui-a-5'03", "Tunnings from my brother" "x" "x" "x" "x" "assife ingui" "assife ingui" "Haj Mehdi Ben_Mbarak" "null" "Other";
"Hamida_Didouch-b", "Tunnings from my brother" "x" "x" "x" "x" "Ya Binte Lamdina" "Kais el belhar" "Hamida Didouch" "null" "Other";
"JosephineBaker-BesameMucho-1", "Tunnings from my brother" "x" "x" "x" "x" "Besame Mucho" "78 rpm" "Josephine Baker" "null" "Other";
"The Story of the Music Box 30 Holy City-1", "Tunnings from my brother" "x" "x" "x" "x" "Holy City" "The Story of the Music Box" """Console"" Regina" "1892" "Other";
"kyys debiliie b4", "Tunnings from my brother" "x" "x" "x" "x" "Khachylaan Kuo's song (from the olonkho Yuryung Uolan)" "Yakut epopeya heroica ""Kys Debiliye""" "Ustin Nohsorov" "1993" "Russia Sakha";
"morse-1", "Tunnings from my brother" "x" "x" "x" "x" "Morse" "Murmurs Of Earth 03 sounds" "Murmurs Of Earth" "1977" "Other";
"01 - unknown - thum nyatiti solo-1", "The Light became Morning Dolores" "x" "x" "x" "x" "thum nyatiti solo" "va - Before Benga Vol.1: Kenya Dry [OMCD 021]" "Various Artists" "1988" "Kenya";
"03 moussa doumbia-mokholou-1", "The Light became Morning Dolores" "x" "x" "x" "x" "mokholou" "Keleya" "Moussa Doumbia" "1970" "Mali";
"07 - Count Ossie & Mystic Revelation Of Rastafari - Poem (The Wee Hours)-1", "The Light became Morning Dolores" "x" "x" "x" "x" "Poem (The Wee Hours)" "Count Ossie & The Mystic Revelation Of Rastafari" "Count ossie" "1974" "Blues";
"08. Cubana-Bop-1", "The Light became Morning Dolores" "x" "x" "x" "x" "Cubana-Bop" "Chano Pozo El Tambor De Cuba" "Chano Pozo" "null" "Cuba";
"15 - Ahmed Abdul-Malik - El Ghada (The Jungle)-1", "The Light became Morning Dolores" "x" "x" "x" "x" "El Ghada [The Jungle]" "East meets West" "Ahmed Abdul-Malik" "1960" "Other";
"16 - Diamantoula_RCAVICTOR_26-8114-B", "The Light became Morning Dolores" "x" "x" "x" "x" "Diamantoula" "RCAVICTOR 26-8114-B" "SOFIA VEMBO" "1938" "Other";
"23. Billy Taylor & Machito Talk", "The Light became Morning Dolores" "x" "x" "x" "x" "Billy Taylor & Machito Talk" "Chano Pozo El Tambor De Cuba" "Chano Pozo" "null" "Cuba";
"A3 - Ti-Joe Carabien", "The Light became Morning Dolores" "x" "x" "x" "x" "Ti-Joe Carabien" "Voodoo Drums in Hi-Fi" "Voodoo Drums" "1958" "Haitian voodoo/folklore";
"B3 Improvisos na Batucada", "The Light became Morning Dolores" "x" "x" "x" "x" "Improvisos na Batucada" "Batucada No. 3 The Exciting Rhythm of the Wild Brazilian Carnival" "Escola de Samba da Cidade" "1971" ;
"T1691R07_Aazhamaap Urdahan Celengemnai (Wide Flows The Selenga)", "The Light became Morning Dolores" "x" "x" "x" "x" "Aazhamaap Urdahan Celengemnai" "Buryat 8/64 Lomax" "[Dugarov (m)][Manzhueva, Nina (f)][Zonkhoev, Ardan Fëdorovich (m)]" "1964" "Other;Other";
"T2042R06_Interview with Brigido Mora on Dolores", "The Light became Morning Dolores" "x" "x" "x" "x" "Interview with Brigido Mora on Dolores" "Dominican Republic 1967 Lomax" "Lomax, Alan y Mora, Brígido" "1967" "Other;Other";
"T2042R07_Dolores (a cappella)", "The Light became Morning Dolores" "x" "x" "x" "x" "dolores (a capella)" "Dominican Republic 1967" "Mora, Brígido" "1967" "Other;Other";
"T2086R27_You are Welcome, Our Brothers, To Our House", "The Light became Morning Dolores" "x" "x" "x" "x" "You are Welcome, Our Brothers, To Our House" "Touama 9/67 Lomax" "Unidentified women" "1967" "Other;Other";
"T2089R10_Shouts for driving the donkeys on the threshing floor", "The Light became Morning Dolores" "x" "x" "x" "x" "Shouts for driving the donkeys on the threshing floor" "Aguelmouss III 9/67 Lomax" "Unidentified" "1967" "Other;Other";
"T692R07_Gerineldo", "The Light became Morning Dolores" "x" "x" "x" "x" "Gerineldo" "Arroyo de la Luz 10/52" "Díaz-Jiménez, Marcelina" "1952" "Other;Other";
"b01 - Pate Matai-1", "The Light became Morning Dolores" "x" "x" "x" "x" "Pate Matai" "Drums Of Bora Bora and Songs Of Tahiti [1956]" "The Drums Of Bora Bora" "1956" "Tahiti";
"b02 - Ta Ue-1", "The Light became Morning Dolores" "x" "x" "x" "x" "Ta Ue" "Drums Of Bora Bora and Songs Of Tahiti [1956]" "The Drums Of Bora Bora" "1956" "Tahiti";
"b04 - Te Ui Api-1", "The Light became Morning Dolores" "x" "x" "x" "x" "Te Ui Api" "Drums Of Bora Bora and Songs Of Tahiti [1956]" "The Drums Of Bora Bora" "1956" "Tahiti";
"09 Miparra", "Teidoumalambo" "x" "x" "x" "x" "Miparra" "Les Aborigenes - Chants Et Danses De L'Australie Du Nord" "Djoli Laiwanga & David Blanasi" "1980" "Ethnic";
"02 - Atahualpa Yupanqui - Malambo - Camino Del Indio", "Taidoumalambo" "x" "x" "x" "x" "Malambo" "Camino Del Indio" "Atahualpa Yupanqui" "1942" "Other";
"02 Malambo", "Taidoumalambo" "x" "x" "x" "x" "Malambo" "Camino del indio" "Atahualpa Yupanqui" "1942" "International";
"03-Percussion sur Tabla et Ghara", "Taidoumalambo" "x" "x" "x" "x" "Percussion sur Tabla et Ghara" "L'Algoza Du Sind" "Khamisu Khan" "1979" "Pakistan";
"04 Love Song", "Taidoumalambo" "x" "x" "x" "x" "Lubovnaja Pesnja (Love Song)" "Folksongs & Sacred Music from Nepal" "Dwarikalal Joshi" "1973" "Folk";
"05 - Atahualpa Yupanqui - Camino en los valles - Camino Del Indio", "Taidoumalambo" "x" "x" "x" "x" "Camino en los valles" "Camino Del Indio" "Atahualpa Yupanqui" "1942" "Other";
"05. Te Hia'Ai Ora - Pae-1", "Taidoumalambo" "x" "x" "x" "x" "Pae" "South Pacific Drums" "Te Hia'Ai Ora" "1965" "Other";
"11. Rough and rocky road", "Taidoumalambo" "x" "x" "x" "x" "Rough and Rocky Road" "Birmingham Quartet Anthology (Disc 2)" "Heavenly Gospel Singers" "1950" "Gospel";
"12 arutu te pahu", "Taidoumalambo" "x" "x" "x" "x" "arytu te pahu" "TAHITI DANCES" "VA" "1962" ;
"13 Sambinha do Para", "Taidoumalambo" "x" "x" "x" "x" "Sambinha do Para" "Amazônia · Cult Music Of Northern Brazil" "[unknown]" "1976" "Ethnic";
"16 Chant et tambour sur cadre jajar (3)", "Taidoumalambo" "x" "x" "x" "x" "Chant et tambour sur cadre jajar (3)" "Kamtchatka: Tambours de danse de l'extrême-orient Sibérien" "Alexej Platonovic Uican" "1994" "Folklore";
"29. Marquises - Nu'uhiva - Piti Ahuru Ma Iva-Puaa Paoa", "Taidoumalambo" "x" "x" "x" "x" "Piti Ahuru Ma Iva-Puaa Paoa" "South Pacific Drums" "Marquises - Nu'uhiva" "1965" "Other";
"31. Tuamotu Folklore - Toru Ahuru Ma Ho'e", "Taidoumalambo" "x" "x" "x" "x" "Toru Ahuru Ma Ho'e" "South Pacific Drums" "Tuamotu Folklore" "1965" "Other";
"4-05 Vachaspati [1982] 3'31", "Taidoumalambo" "x" "x" "x" "x" "4-05 Vachaspati [1982] 3'31" "[EALP1453-54] Festival of India Presents - The Great Tradition of Masters of Music" "Doreswamy Iyengar" "1982" "Karnatic Classical";
"A1 Sauvetage - Rescue- Rettung", "Taidoumalambo" "x" "x" "x" "x" "Rescue" "[BM 30L 2502] Premiere anthologie de la musique Malienne - Le Mali de fleuve - Les Peuls 2 " "VA" "1970" ;
"A2 Bounkam Solo (Upper Volta)", "Taidoumalambo" "x" "x" "x" "x" "Bounkam Solo" "AFRICA Drum, Chant & Instrumental Music - Recorded in Niger, Mali & Upper Volta by Stephen Jay" "VA" "1976" ;
"AMP-72901-B1 Three peals of laughter", "Taidoumalambo" "x" "x" "x" "x" "Three peals of laughter" "AMP-72901 l'Afghanistan" "Various Afghani Artists" "1966" "Traditional Afghani";
"B4 Ninna nanna [Gbaya] 2'43", "Taidoumalambo" "x" "x" "x" "x" "B4 Ninna nanna [Gbaya] 2'43" "VPA8262 Africa - Dolore e Magia - (Central African Republic)" "VA - (Simha Arom, recordings)" "1975" "Africa Central - Central African Republic";
"B4 Solo de femme; chante", "Taidoumalambo" "x" "x" "x" "x" "B4 Solo de femme; chanté" "[LD765] Musiques Banda - République Centrafricaine" "VA" "1971" "Africa Central - Central African Republic";
"B5 Taidouma", "Taidoumalambo" "x" "x" "x" "x" "Taidouma" "[BM 30L 2503] Premiere anthologie de la musique Malienne - Le Mali des Sables - Les Songoy " "VA" "1970" ;
"CNRSMH_E_1995_018_001_001_05", "Taidoumalambo" "x" "x" "x" "x" "Ronde funéraire" "1991-1994 - Indonésie - Toraja. Funérailles et fêtes de fécondité" "Rappoport, Dana" "1991" "Sound";
"CNRSMH_E_2001_024_001_05", "Taidoumalambo" "x" "x" "x" "x" "Formation mixte de doohi et jimi rewɓe" "1992-1995 - Les chemins de la voix peule - l'esthétique musicale des pasteurs semi-nomades du Jelgooji (Nord-Burkina Faso) [Disque encarté] - Sandrine Loncke" "Peuls Jelgoobe" "1992" ;
"CNRSMH_I_2012_007_001_03", "Taidoumalambo" "x" "x" "x" "x" "RIMOTSY" "2008-2012 - Musique Antandroy, Madagascar, Mission - Victor Randrianary" "Manindry" "2008" ;
"CNRSMH_I_2013_008_001_08", "Taidoumalambo" "x" "x" "x" "x" "Chant Galicien - Rosa y Aida Garrido Casqueiro" "2007-2008 - Galicia, Spain - Félix Blume" "Rosa y Aida Garrido Casqueiro" "2007" ;
"Sally Goodin", "Taidoumalambo" "x" "x" "x" "x" "Sally Goodin" "There is no eye: recordings of musicians photographed by john cohen" "Eck Robertson" "1922" ;
"Vietnam 06 Doc Tau Sinh Tien", "Taidoumalambo" "x" "x" "x" "x" "Doc Tau Sinh Tien" "Music of Vietnam" "Tran Quang Hai and Hoang Mong Thuy" "1980" ;
"Yemen - Traditional Music Of The North - 05 Aghani Atifi", "Taidoumalambo" "x" "x" "x" "x" "Aghani Atifi" "Yemen - Traditional Music Of The North" "VA" "1988" ;
"a1 (9) Grass Dance Songs", "Taidoumalambo" "x" "x" "x" "x" "Grass Dance Songs" "19 crow songs - sung by warren bear cloud, fern bear cloud, robert other medicine and joe picket" "VA" "1987" ;
"musiquetriangle03", "Taidoumalambo" "x" "x" "x" "x" "musiquetriangle03" "Musique Des Tribus Chinoises Du Triangle D'Or " "VA" "1980" ;
"01 Disco Connection", "sacromonte's gettin fuzzy" "x" "x" "x" "x" "Disco Connection" "Cult Cargo: Belize City Boil Up" "Lord Rhaburn" "null" "R&Bcalypsofunksalsareggaesoul";
"03 Laylet Eid (Jingle Bells)", "sacromonte's gettin fuzzy" "x" "x" "x" "x" "Laylet Eid (Jingle Bells)" "Christmas Hymns" "Fairuz" "1986" "World/Middle East";
"04 Siy' Emshadweni", "sacromonte's gettin fuzzy" "x" "x" "x" "x" "Siy' Emshadweni" "Ingwe idla Ngamabala (CBS, LAB4005)" "Izinthombi Zesi Manje Manje" "1968" "Jive";
"05 Najmet Eid (Les Anges Dans Nos Campagnes)", "sacromonte's gettin fuzzy" "x" "x" "x" "x" "Najmet Eid (Les Anges Dans Nos Campagnes)" "Christmas Hymns" "Fairuz" "1986" "Africa";
"06 Ensemble De Vieles Kamayacha", "sacromonte's gettin fuzzy" "x" "x" "x" "x" "Ensemble De Vièle Kamayacha, Clarinette Murali Et Claquettes Khartal" "Inde. Rajasthan. Musiciens Professionnels Populaires" "Various" "1972" "Folk";
"08 Sugar Loaf Cha Cha", "sacromonte's gettin fuzzy" "x" "x" "x" "x" "Sugar Loaf Cha Cha" "Hits from Latin America (Dyna-Disc CH-807)" "Juan Del Oro and his orchestra" "null" "Other";
"09 Mali", "sacromonte's gettin fuzzy" "x" "x" "x" "x" "Mali" "Huli Highlands. Papua New Guinea" "Various" "1974" "Other";
"11. Tash Kairak Solo-1", "sacromonte's gettin fuzzy" "x" "x" "x" "x" "Tash Kairak Solo" "Music of Central Aisa, Uzbekistan" "VA" "1994" "Kicc_musica del mundo";
"12. LADO - Sokacko kolo", "sacromonte's gettin fuzzy" "x" "x" "x" "x" "Sokacko kolo" "Kolo igra  tamburica svira - CD 1" "LADO" "1998" "National Folk";
"16 - Well - Captain Beefheart & His Magic Band", "sacromonte's gettin fuzzy" "x" "x" "x" "x" "Well" "Trout Mask Replica" "Captain Beefheart & His Magic Band" "1969" ;
"2-16 He That Hath Ears to Hear, Let Him Hear (Sermon Excerpt)", "sacromonte's gettin fuzzy" "x" "x" "x" "x" "He That Hath Ears to Hear, Let Him Hear (Sermon Excerpt)" "The Hurricane That Hit Atlanta" "Rev. Johnny L. Jones" "null" "Gospel";
"7 siku kuu -holy night-", "sacromonte's gettin fuzzy" "x" "x" "x" "x" "Siku Kuu (Holy Night)" "Missa luba and christmas in congo" "les troubadours du roi baudoin" "1958" "Other";
"B2 - Alto Bung'o Horn", "sacromonte's gettin fuzzy" "x" "x" "x" "x" "Alto Bung'o Horn" "Africa:Witchcraft & Ritual Music" "Various" "1975" "Kenya field recordings";
"B4-ChebonSukeSanMai-3'04", "sacromonte's gettin fuzzy" "x" "x" "x" "x" "ChebonSukeSanMai" "Inde - Nagaland - Chant des tribus Sema & Zeliang" "va" "1985" "Other";
"China Shantung 09 Hsiao Fang Niu", "sacromonte's gettin fuzzy" "x" "x" "x" "x" "Hsiao Fang Niu" "China: Shantung Folk Music & Traditional Instrumental Pieces" "Lu-sheng Ensemble" "1972" "Other";
"Ragas du Matin et du Soir - Side 1 - 1. Annonce", "sacromonte's gettin fuzzy" "x" "x" "x" "x" "Annonce" "Ragas du Matin et du Soir" "Deben Battacharya" "1976" "Other";
"T652R01_Commentary on the recording location by Alan Lomax", "sacromonte's gettin fuzzy" "x" "x" "x" "x" "Commentary on the recording location by Alan Lomax" "Granada I 9/52 Lomax" "Alan Lomax" "1952" "Other;Other";
"T652R04_Bell-ringing", "sacromonte's gettin fuzzy" "x" "x" "x" "x" "Bell-ringing" "Granada I 9/52 Lomax" "Campanilleros de Bormujos" "1952" "Other;Other";
"T655R03_La mosca (II)", "sacromonte's gettin fuzzy" "x" "x" "x" "x" "La Mosca" "Granada I 9/52 Lomax" "Zambra La Faraona" "1952" "Other;Other";
"Whitehead, Red & Dutch Coleman - Dad's Getting Fuzzy", "sacromonte's gettin fuzzy" "x" "x" "x" "x" "Dad's Getting Fuzzy" "Mississippi String Bands, Vol. 1 1928-1935" "Whitehead, Red & Dutch Coleman" "1930" "Old-Time";
"01 Etenraku 2", "palabra sortija" "x" "x" "x" "x" "Etenraku" "Japon. Gagaku" "Société Ono Gagaku Kaï" "1979" "Traditional";
"04 Improvisation Dans Le Mode Triste-Solo De Dan Tranh-1", "palabra sortija" "x" "x" "x" "x" "Improvisation Dans Le Mode Triste-Solo De Dan Tranh" "Vietnam Improvisations-New Traditional" "Khe/Hai/Ngoc" "1973" "ocora label";
"04. Goin' To See My Baby", "palabra sortija" "x" "x" "x" "x" "Goin' To See My Baby" "Bride of The Holy ☆ Ghost" "The Fatback Band" "1972" "Intangible Kultural Properties";
"07 eil malei rachmim", "palabra sortija" "x" "x" "x" "x" "Eil Malei Rachmim" "String Of Pearls: Jewels Of The 78rpm Era 1918-1951 (2009, Mississippi/Canary)" "Shalom Katz" "1947" ;
"08 - Le Plat Pays", "palabra sortija" "x" "x" "x" "x" "Le Plat Pays" "Olympia 64 (Live) (Cd 9)" "Jacques Brel" "1964" ;
"1-05 Candra Kanta", "palabra sortija" "x" "x" "x" "x" "Candra Kanta" "Bali: Hommage à Wayan Lotring. Disc One" "Wayan Lotring" "1972" "Traditional";
"10-Black_woodpecker-Zwarte+Specht-Dryocopus_martius 2", "palabra sortija" "x" "x" "x" "x" "Black Woodpecker" "Listen the birds vol 4" "Black Woodpecker" "1970" ;
"13 Song Words Spoken By Gamargadada", "palabra sortija" "x" "x" "x" "x" "Song Words Spoken By Gamargadada For" "Songs From The Northern Territory: 2" "Gamargadada" "1963" "Folk";
"2-23 Wayfaring Pilgrim", "palabra sortija" "x" "x" "x" "x" "Wayfaring Pilgrim" "THE OLD, WEIRD AMERICA_seleccion" "Clarence ""Tom"" Ashley" "1961" ;
"31 Chant sur la mer", "palabra sortija" "x" "x" "x" "x" "Chant sur la mer" "Kamtchatka: Tambours de danse de l'extrême-orient Sibérien" "Petr Evljkhovic Kotginin" "1994" "Folklore";
"5-12 Songs From Maningrida and Cape St", "palabra sortija" "x" "x" "x" "x" "Songs From Maningrida & Cape Stewart" "Songs From The Northern Territory: 5" "Various" "1962" "Folk";
"9-Java-Gamelan_Slendro-SekarGadung", "palabra sortija" "x" "x" "x" "x" "Kraton Jogiakaria Gamelan Slendro ""Sekar gadung""" "Musik der Orient - 1930 compilatie Dr Erich von  Hornbostel" "Various" "1930" ;
"B2-Palabra_Sortija", "palabra sortija" "x" "x" "x" "x" "Palabra Sortija" "Bandurras de Canchis" "Conjunto Santa Barbara de Sicuani"  ;
"CD1 22 Argentina [Selknam] Shaman's song", "palabra sortija" "x" "x" "x" "x" "Argentina [Selknam] Shaman's song" "Voices of the World - An Anthology of Vocal Expression - Techniques" "Lola Kiepja" "1996" "Argentina";
"Leb Tatefaletch - 17", "palabra sortija" "x" "x" "x" "x" "Leb Tatefaletch" "Ethiopiques 9 - Alèmayèhu Eshète" "Ethiopiques" "1969" "Jazz";
"Morning Prayer In Okbap", "palabra sortija" "x" "x" "x" "x" "Morning Prayer In Okbap" "Irian Jaya: Disc Six" "Various" "1973" "Folk";
"The Story of the Music Box 14 The Gypsy Baron (Gallop)", "palabra sortija" "x" "x" "x" "x" "The Gypsy Baron (Gallop)" "The Story of the Music Box" """Concert"" Regina" "1885" ;
"b12-XII-Capricorn", "palabra sortija" "x" "x" "x" "x" "b12-XII-Capricorn" "Music Im Bauch-Tierkreis" "Karlheinz Stockhausen" "1975" ;
"northern lights(46)", "palabra sortija" "x" "x" "x" "x" "Feast on the Amur" "Music of the Northern lights" "Ensemble ""Gibe"" (udyadyupu, sticks) " "1964" "Russia Ulch Udegei";
"u9400", "palabra sortija" "x" "x" "x" "x" "anonymous recordings of Naga songs and musical instruments" "The Nagas Hill Peoples of Northeast India
Hill Peoples of Northeast India" "Sangtam song"  ;
"02 Five_Pieces_For_Kanga_Brass_Jews_Harp", "nothern tja birds" "x" "x" "x" "x" "Five Pieces For Kanga Brass Jew's Harp" "Sakhalin: Vocal And Instrumental Music" "Nivkh Ujl'Ta" "null" ;
"04 -  Troupe de Kutiyattam du Kalamandalam - Entree du Sutradhara", "nothern tja birds" "x" "x" "x" "x" "Entree du Sutradhara" "ocora: Inde du Sud, Kutiyattam" "Troupe de Kutiyattam du Kalamandalam" "1996" "W_ocora label";
"05-Song About the Small Aunt (Nanai)", "nothern tja birds" "x" "x" "x" "x" "Song About the Small Aunt (Nanai)" "Shamanic and Daily Songs of the Amur Basin" "Nina Pavlovna Gejker, chant, tamb" "1996" "Ethnic";
"07 -  Troupe de Kutiyattam du Kalamandalam - Sloka de Rama", "nothern tja birds" "x" "x" "x" "x" "Sloka de Rama" "ocora: Inde du Sud, Kutiyattam" "Troupe de Kutiyattam du Kalamandalam" "1996" "W_ocora label";
"07 - Frankie", "nothern tja birds" "x" "x" "x" "x" "Frankie" "Anthology of American Folk Music Vol 1B - Ballads" """Mississippi"" John Hurt" "1928" "Folk";
"09 Time of year. ringing", "nothern tja birds" "x" "x" "x" "x" "Время года. Звон" "Колокола Великого Новгорода" "Алексей Уткин" "2006" "Folk";
"09 Tja_Tja_Ckhar_Musical_Beam", "nothern tja birds" "x" "x" "x" "x" "Tja Tja Ckhar Musical Beam" "Sakhalin: Vocal And Instrumental Music" "Nivkh Ujl'Ta" "null" ;
"1-04 Daite", "nothern tja birds" "x" "x" "x" "x" "Daite" "[ocora] Centrafrique / Musique Gbaya / Chants A Penser" "Martin Kayo" "1977" "W_ocora label";
"10 A_Cappella_Song", "nothern tja birds" "x" "x" "x" "x" "A Cappella Song" "Sakhalin: Vocal And Instrumental Music" "Nivkh Ujl'Ta" "null" ;
"10-Black_woodpecker-Zwarte+Specht-Dryocopus_martius", "nothern tja birds" "x" "x" "x" "x" "Black Woodpecker" "Listen the birds vol 4" "Black Woodpecker" "1970" "Naturaleza";
"11 One. ringing", "nothern tja birds" "x" "x" "x" "x" "Одно. Звон" "Колокола Великого Новгорода" "Алексей Уткин" "2006" "Folk";
"1b-Strix_aluco-juv", "nothern tja birds" "x" "x" "x" "x" "Tawny Owl" "Listen the birds vol 4" "Tawny Owl" "1970" ;
"2a-LittleOwl-Steenuil-Athene_noctua-0'47", "nothern tja birds" "x" "x" "x" "x" "Little Owl" "Listen the birds vol 4" "Little Owl" "1970" ;
"2b-LittleOwl-Steenuil-Athene_noctua-0'23", "nothern tja birds" "x" "x" "x" "x" "Little Owl" "Listen the birds vol 4" "Little Owl" "1970" ;
"3-Dwergooruil-Scops_owl-Otus_scops-1'15", "nothern tja birds" "x" "x" "x" "x" "Scops Owl" "Listen the birds vol 4" "Scops Owl" "1970" ;
"31 - Song about a Bird", "nothern tja birds" "x" "x" "x" "x" "Song about a Bird" "Australia, Songs of the Aborigines & Music of Papua, NewGuinea" "Various" "1993" "Tribal";
"33 - Flute", "nothern tja birds" "x" "x" "x" "x" "Flute" "Australia, Songs of the Aborigines & Music of Papua, NewGuinea" "Various" "1993" "Tribal";
"33 Jaakpa_Jingle_Belt_And_Joodopu_Rattles", "nothern tja birds" "x" "x" "x" "x" "Jaakpa Jingle Belt And Joodopu Rattles" "Sakhalin: Vocal And Instrumental Music" "Nivkh Ujl'Ta" "null" ;
"5-Kerkuil-alba-blazen", "nothern tja birds" "x" "x" "x" "x" "Barn Owl" "Listen the birds vol 4" "Barn Owl" "1970" ;
"6-Weyneck-Draaihals-Jynx_torquila", "nothern tja birds" "x" "x" "x" "x" "Wryneck" "Listen the birds vol 4" "Wryneck" "1970" ;
"8-Grey-headed_woodpecker-Grijskopspecht-Picus_canus", "nothern tja birds" "x" "x" "x" "x" "Grey Headed" "Listen the birds vol 4" "Grey Headed" "1970" ;
"8-Zang and cither-03", "nothern tja birds" "x" "x" "x" "x" "Sang Till Stavcittror" "Musik fran tanzania" "Various" "1974" ;
"Banda Polyphony 05 Music for ongo ensemble- Music for dancing, gboyo", "nothern tja birds" "x" "x" "x" "x" "Music for ongo ensemble: Music for dancing, gboyo" "Central African Republic: Banda Polyphony" "The Banda people (Linda)" "1976" ;
"CNRSMH_E_1997_007_001_001_06", "nothern tja birds" "x" "x" "x" "x" "Doohi et jimi rewbe de Kouye" "Burkina Faso. La voix des Peuls_S. Loncke" "Various" "1997" "Burkina Faso";
"Kaleluknye, Sonbanga, Baiyalana, Kaleluknye", "nothern tja birds" "x" "x" "x" "x" "Kaleluknye, Sonbanga, Baiyalana, Kaleluknye" "Irian Jaya: Disc Two" "Various" "1973" "Folk";
"chukotskaya narodnaya muzyka 26", "nothern tja birds" "x" "x" "x" "x" "Tow tunes with Telytele" "15246 chukotskaya i eskimosskaya muzyka" "Александр Тнагыргын"  "Russia Chukchi";
"iz yakutskogo muzykal'nogo fol'klora a05", "nothern tja birds" "x" "x" "x" "x" "Naigrыsh the homuse" "Yakut folk music" "Турнин, Лука Николаевич" "1969" "Russia Sakha";
"kazaki-nekrasovtsy na chuzhbine 03", "nothern tja birds" "x" "x" "x" "x" "Tis Not Mist (in a round dance)" "15250 & 1 kazaki-nekrazovtsy na chuzhbine" "Nekrasov Cossaks" "1987" "Russia";
"northern lights(07)", "nothern tja birds" "x" "x" "x" "x" "Куринька (kurinka)" "Music of the Northern lights" "Various" "1964" "Russia Xanty Mansi";
"northern lights(20)", "nothern tja birds" "x" "x" "x" "x" "Личная песня Нгучамаку" "Music of the Northern lights" "Various" "1964" "Russia Nganasan Sel'kup";
"northern lights(60)", "nothern tja birds" "x" "x" "x" "x" "Песня юродивой (cancion loca)" "Music of the Northern lights" "Various" "1964" "Russia Nivx";
"northern lights(71)", "nothern tja birds" "x" "x" "x" "x" "Изгнание болезни (enfermedad del exilio)" "Music of the Northern lights" "Various" "1964" "Russia Chukchi Chuvantsy";
"01 Ravoi Bak Borai", "Nosotros somos Arabia" "x" "x" "x" "x" "Ravoi, Bak, Borai" "Sacred Flute Music From New Guinea. Vol 1" "Brothers Vagh and Gombreh" "1976" "Folk";
"02 Kulu Pape", "Nosotros somos Arabia" "x" "x" "x" "x" "Kulu Pape" "Huli Highlands. Papua New Guinea" "Various" "1974" "Folk";
"02 Tambour De Bois Garamut (Kara)", "Nosotros somos Arabia" "x" "x" "x" "x" "Tambour De Bois Garamut (Kara)" "New Ireland - Papua New Guinea — Prophet 21" "New Ireland - Papua New Guinea" "1974" "Nouvelle-Irlande";
5, "Nosotros somos Arabia" "x" "x" "x" "x" "Aleko" "Ethiopie meridionale. musique des maale" "Various" "2001" ;
9, "Nosotros somos Arabia" "x" "x" "x" "x" "Osta" "Ethiopie meridionale. musique des maale" "Various" "2001" ;
"1-02 - Dikr (Part 2)", "Nosotros somos Arabia" "x" "x" "x" "x" "Dikr (Part 2)" "Aissaoua Sufi Ceremony, Marrakesh, Morocco" "Various" "1998" "Africa";
"12 - (slava egorovic kemlil)  my beloved reindeer has great antlers-1", "Nosotros somos Arabia" "x" "x" "x" "x" "My Beloved Reindeer Has Great Antlers" "Siberia: Songs Of Nature And Animals" "Slava Egorovic Kemlil" "0019" ;
"A1 Arc-en-bouche masango", "Nosotros somos Arabia" "x" "x" "x" "x" "Arc-en-bouche Masango" "Musique du Gabon" "Masango people" "1967" "Field recordings";
"A4 IGBIN DRUMS", "Nosotros somos Arabia" "x" "x" "x" "x" "A4 IGBIN DRUMS" "Drums Of The yoruba of Nigeria" "Drums of the Yoruba of Negeria" "1956" "Blues";
"B2 Saut Arabi", "Nosotros somos Arabia" "x" "x" "x" "x" "Saut Arabi" "[EMI 3C 064-18371] Bahrain - Musical Atlas v. 23" "Ali Khaled and his ensemble" "1976" ;
"Bumbo", "Nosotros somos Arabia" "x" "x" "x" "x" "Bumbo" "Irian Jaya: Disc Two" "Grupo de LImlim" "1992" "Folk";
"CBS-65954-A01 Solo de zer-barharli", "Nosotros somos Arabia" "x" "x" "x" "x" "Solo de zer-barharli" "CBS-65954 l'Afghanistan" "Various Afghani Artists" "1974" "Afghani Popular";
"ESP165505_A1_Chidori_no_kyoku", "Nosotros somos Arabia" "x" "x" "x" "x" "Chidori_no_kyoku" "ESP165505 Le Koto de Yuzen Kuzuhara - Vol.2 - P.1978 " "Yoshizawa Kenggyo" "1978" ;
"MITWOIHVL 18 Tar solo in dastgah Mahur", "Nosotros somos Arabia" "x" "x" "x" "x" "Tar solo in dastgah Mahur" "v/a - Music in the World of Islam: The Human Voice/Lutes" "Hussein Ali Zodeh" "1976" "Africa";
"Music in the Karakorams of Central Asia - Side 2 - 3", "Nosotros somos Arabia" "x" "x" "x" "x" "Buzm" "Music in the Karakorams of Central Asia" "Hashim Shah" "1974" ;
"Paksa Arabia", "Nosotros somos Arabia" "x" "x" "x" "x" "Paksa Arabia" "AGAEB EL RAKASAT EL SABAA" "DALAAT FAKHAT" "0019" ;
"Yo quiero un Caballo Negro", "Nosotros somos Arabia" "x" "x" "x" "x" "Yo quiero un Caballo Negro" "Yo me he Criao a Puro Campo" "Atahualpa Yupanqui" "1971" "Other";
"_16 - EL PUEBLO PERONISTA", "Nosotros somos Arabia" "x" "x" "x" "x" "El Pueblo peronista" "cancionero de la liberacion" "Marta Larreina-Oscar Rovito" "1973" "Other";
"a2 stick-dance", "Nosotros somos Arabia" "x" "x" "x" "x" "A2 Stick-dance" "Music of the Nile Valley" "Unknown" "1981" "Africa";
"leda valladares_grito en el cielo vol 2_31_no soy de estos pagos", "Nosotros somos Arabia" "x" "x" "x" "x" "No Soy De Estos Pagos" "Grito En El Cielo - Vol 2" "Leda Valladares" "1994" "Folklore";
"sideB-part1", "Nosotros somos Arabia" "x" "x" "x" "x" "Chants de mariage" "Dogons" "Dogon people" "1956" "Blues";
"sideB-part2", "Nosotros somos Arabia" "x" "x" "x" "x" "Les Flutes du printemps" "Dogons" "Dogon people" "1956" "Blues";
"02 - unknown - chemirocha (jimmy rogers)", "Ngoneni Mongo Krekels" "x" "x" "x" "x" "chemirocha" "va - Before Benga Vol.1: Kenya Dry [OMCD 021]" "VA" "1988" "Kenya";
"03 - Ada", "Ngoneni Mongo Krekels" "x" "x" "x" "x" "`Âda" "Al-Maghrib & Gnâwa Music, Marrakesh, Morocco" "VA" "1998" "Music of islam";
"04 - Amo Goda - Bodjo", "Ngoneni Mongo Krekels" "x" "x" "x" "x" "Bodjo" "Anthologie de la Musique du Niger" "Various" "1963" "Folk";
"05 Sipit _Umagazini", "Ngoneni Mongo Krekels" "x" "x" "x" "x" "Sipit ‘Umagazini" "Maskanda Roots Vol.1: 1927-1952" "MAMEYEGUDI AND HIS DANCERS" "1932" "maskanda";
"08 Chembania", "Ngoneni Mongo Krekels" "x" "x" "x" "x" "Chembania" "Cameroon:  Musiques du Cameroon - Bakweri/Bamileke/Bamoun/Beti" "Christina N'gantchan Group (Bamileke-Bafoussam)" "1965" "ocora label";
"09 Ollin Aragiid", "Ngoneni Mongo Krekels" "x" "x" "x" "x" "Ollin Aragiid" "Musik der Nubier" "Musik der Nubier" "1980" "Africa";
"1 krekels zang percussie 8'41", "Ngoneni Mongo Krekels" "x" "x" "x" "x" "krekels zang percussie" "Various – Music of the Ba-Benjellé Bayaka" "VA" "1985" ;
"1-05 - Invocation-1", "Ngoneni Mongo Krekels" "x" "x" "x" "x" "Invocation" "Aissaoua Sufi Ceremony, Marrakesh, Morocco" "VA" "1998" "Music of islam";
"1-25 Air de Kel Ajjer (Rhythme Ellehelleh) (Touareg; Mali)", "Ngoneni Mongo Krekels" "x" "x" "x" "x" "Air de Kel Ajjer (Rhythme Ellehelleh) (Touareg; Mali)" "Opika Pende: Africa at 78 rpm" "Tuareg women of Adrar des Iforas" "2011" "World";
"1-Nindo", "Ngoneni Mongo Krekels" "x" "x" "x" "x" "Nindo" "Musik fran tanzania" "VA" "1974" ;
"10 - Sam'i Bayati (Al-Aryan)", "Ngoneni Mongo Krekels" "x" "x" "x" "x" "Sam'i Bayati (Al-Aryan)" "Al-Qahirah - Classical Music of Cairo, Egypt" "VA" "1998" "Music of islam";
"11 Louguere", "Ngoneni Mongo Krekels" "x" "x" "x" "x" "Louguéré" "Camaroon: Flutes of the Mandara Mountains (Ocora 560110)" "VA" "1996" ;
"12 Tambours royaux _Ingoma_-1", "Ngoneni Mongo Krekels" "x" "x" "x" "x" "Tambours royaux ""Ingoma""" "[ocora] Burundi: Musiques Traditionnelles" "VA" "1967" "ocora label";
"14-kalebastrom-1'54", "Ngoneni Mongo Krekels" "x" "x" "x" "x" "Ritmes Op De Kalebastrom" "SAMO- muziek uit boven volta" "VA" "1971" ;
"15 Bowed Harp (Uganda)", "Ngoneni Mongo Krekels" "x" "x" "x" "x" "Bowed Harp" "Spirit of African Sanctus" "VA" "1969" "Folk";
"2-10 Okafu Nyi", "Ngoneni Mongo Krekels" "x" "x" "x" "x" "Okafu Nyi" "Opika Pende: Africa at 78 rpm" "Kamkam" "2011" "World";
"2-Wakuvina_uwuvina_wengoma-trommeldans", "Ngoneni Mongo Krekels" "x" "x" "x" "x" "Wakuvina Uwuvina Wengoma (Kvinornas Trumdans)" "Musik fran tanzania" "VA" "1974" ;
"26 Shergangallo", "Ngoneni Mongo Krekels" "x" "x" "x" "x" "Shergangallo" "Musik der Nubier" "Musik der Nubier" "1980" "Africa";
"A2-Ubayd Salim-song", "Ngoneni Mongo Krekels" "x" "x" "x" "x" "Ubayd Salim-song" "The Afro-Arabian Crossroad" "Music Of The Tihama On The Red Sea" "1982" "Tihama Music Nort Yemen";
"A5 Chant Ekonda avec accompagnement de chitare sur baton", "Ngoneni Mongo Krekels" "x" "x" "x" "x" "Chant Ekonda avec accompagnement de chitare sur bâton" "[OCR 53] Polyphonies Mongo" "VA" "1970" "Vocal Polyphony";
"A6 Danse esoya 1'25", "Ngoneni Mongo Krekels" "x" "x" "x" "x" "Danse esoya" "[OCR 53] Polyphonies Mongo" "VA" "1970" "Vocal Polyphony";
"B1 Akontaiba 1'36", "Ngoneni Mongo Krekels" "x" "x" "x" "x" "Akontaiba" "[KMA 10] Hugh Tracy • The Music of Africa Series - Uganda 1 - P.1972" "Milobo maswa" "1972" "Field recordings";
"B10 Ngoneni ngoneni bakithi - Swazi", "Ngoneni Mongo Krekels" "x" "x" "x" "x" "Ngoneni ngoneni bakithi" "[KMA 1] Musical Instruments 1 - Strings" "Rosalina Ndhlole y Juana Nkosi" "1972" ;
"Dan Masks 07 Wepoekoegee 'Mask that makes Comedy'", "Ngoneni Mongo Krekels" "x" "x" "x" "x" "Wepoekoegee ""Mask that makes Comedy""" "Ivory Coast: Dan Masks" "The Dan people" "1965" "Unknown genre";
"Mitsogho_Gabon_1", "Ngoneni Mongo Krekels" "x" "x" "x" "x" "Mitsogho Gabon" "archive.org gabon traditional" "trad 2" "1984" ;
"Mongo-Bosaka_DemRep_Congo", "Ngoneni Mongo Krekels" "x" "x" "x" "x" "Flûte globulaire Lofolongo" "Petites musiques du Zaïre (18 Easy Pieces of Intimate Zaïre Music)" "Ethnie Mongo-bosaka" "1995" "Other";
"0009-T1213R03", "mouth mountain" "x" "x" "x" "x" "One, Two, Three, Heel And Toe" "Cultural equity_Grenada" "norris welsh, mouth bow" "1962" "Granada caribe";
"A4_b Jew's-Harp without frame", "mouth mountain" "x" "x" "x" "x" "Pakapaka (Jew's-Harp without frame)" "[C 064-18121] Peuls - Musical Atlas - Unesco Collections (EMI Italiana)" "Mahamuudu, Hamma, Abdullaay" "1975" "Nigeria";
"CNRSMH_E_1955_008_001_001_12", "mouth mountain" "x" "x" "x" "x" "Air du Secret des Vodoun" "Dahomey - musique des princes. fêtes des Tohossu" "ROUGET, GILBERT & VERGER, PIERRE" "1955" "Benin";
"CNRSMH_E_1959_012_001_001_03", "mouth mountain" "x" "x" "x" "x" "Solo et choeur de femme Bangombé" "Musique pygmée la Haute Sangha" "BABINGA BANGOMBE" "1946" "Rep. Centroafricana";
"CNRSMH_E_1997_021_002_002_06", "mouth mountain" "x" "x" "x" "x" "Guimbarde en laiton djam" "Viet Nam,""Musiques des montagnards"", Condominas et alii" "HMONG people" "1997" "Vietnam";
"CNRSMH_E_2011_023_001_001_15", "mouth mountain" "x" "x" "x" "x" "Jeu du xylophone oto à trois lames" "Bénin. Musiques Yoruba - les voix de la mémoire" "Yoruba people" "1958" "Benin";
"CNRSMH_I_1967_004_013_02", "mouth mountain" "x" "x" "x" "x" "Chant (hommes)" "Vietnam, Montagnards du Centre, Chambure" "SRE people" "1960" "Vietnam";
"CNRSMH_I_1968_015_001_01", "mouth mountain" "x" "x" "x" "x" "Guimbarde" "Nouvelle Guinée, Gaisseau, Tournage de films (lieux - Chimbu, Mendi, Tari)" "CHIMBU people" "1957" "papua-nueva guinea";
"CNRSMH_I_1968_015_002_09", "mouth mountain" "x" "x" "x" "x" "Guimbarde" "Nouvelle Guinée, Gaisseau, Tournage de films (lieux - Chimbu, Mendi, Tari)" "CHIMBU people" "1957" "papua-nueva guinea";
"CNRSMH_I_1968_015_002_11", "mouth mountain" "x" "x" "x" "x" "Chant (hommes)" "Nouvelle Guinée, Gaisseau, Tournage de films (lieux - Chimbu, Mendi, Tari)" "VA" "1957" "papua-nueva guinea";
"CNRSMH_I_1968_032_003_02", "mouth mountain" "x" "x" "x" "x" "SUR LA MORT D'UNE MERE" "PARAGUAY - ZONE ORIENTALE, ARROYO MORITI ; GUAYAKI, GUARANI ; P. CLASTRES" "Guayaki people" "1963" "Paraguay";
"CNRSMH_I_1968_032_007_25", "mouth mountain" "x" "x" "x" "x" "CHANTS DE CHASSE" "PARAGUAY - ZONE ORIENTALE, ARROYO MORITI ; GUAYAKI, GUARANI ; P. CLASTRES" "Guayaki people" "1963" "Paraguay";
"CNRSMH_I_1968_032_007_28", "mouth mountain" "x" "x" "x" "x" "CHANT DE CHASSE" "PARAGUAY - ZONE ORIENTALE, ARROYO MORITI ; GUAYAKI, GUARANI ; P. CLASTRES" "Guayaki people" "1963" "Paraguay";
"CNRSMH_I_1968_032_009_03", "mouth mountain" "x" "x" "x" "x" "MYTHOLOGIES ANIMALES" "PARAGUAY - ZONE ORIENTALE, ARROYO MORITI ; GUAYAKI, GUARANI ; P. CLASTRES" "Guayaki people" "1963" "Paraguay";
"CNRSMH_I_1968_032_009_04", "mouth mountain" "x" "x" "x" "x" "INFORMATIONS SUR : PERFORATION DE LA LEVRE" "PARAGUAY - ZONE ORIENTALE, ARROYO MORITI ; GUAYAKI, GUARANI ; P. CLASTRES" "Guayaki people" "1963" "Paraguay";
"CNRSMH_I_2007_002_001_23", "mouth mountain" "x" "x" "x" "x" "Hat giai (au village de Lô Khê)" "Viet Nam, Répertoire et techniques principales du Ca trù, Anisensel, 2007" "Kihn people" "2007" "Vietnam";
"CNRSMH_I_2009_001_005_07", "mouth mountain" "x" "x" "x" "x" "Réunion Tum-tum" "TCHAD, TIBESTI; 1965" "Teda people" "1965" "Chad";
"CNRSMH_I_2009_001_025_07", "mouth mountain" "x" "x" "x" "x" "Dobana Terkya, chant homme solo" "TCHAD, TIBESTI; 1965" "Teda people" "1965" "Chad";
"CNRSMH_I_2012_003_001_31", "mouth mountain" "x" "x" "x" "x" "Chant de femmes kotoko et ""tape-cuisse""" "TCHAD, LOGONE" "Kotoko people" "1965" "Chad";
"CNRSMH_I_2013_017_001_05", "mouth mountain" "x" "x" "x" "x" "Californie, Desert - Un criquet chante dans le désert" "Ambiances sonores et enregistrements de terrain, sélection" "animal" "2005" "california";
"No. 10 Wrestling Music 2'33", "mouth mountain" "x" "x" "x" "x" "Wrestling Music (mgbereke ote)" "[BM 30 L 2311] Nigeria III - Igbo Music - P.1965" "VA" "1965" "Nigeria";
"Orchestre Et Lithophones Kabiye [Ocora] - 07 - Mola - Double Tambour D'Aisselle Longa", "mouth mountain" "x" "x" "x" "x" "Double Tambour D'Aisselle Longa" "Orchestre Et Lithophones Kabiye" "Various" "2005" "Togo";
"01 Piece for Plung Orchestra", "Macellino" "x" "x" "x" "x" "Piece for Plung Orchestra" "Bangladesh: Ritual Mouth-Organs Of The Murung" "Chimbuck Murung" "1997" "Murung plung";
"04 Waya-logo Wayah Onnon", "Macellino" "x" "x" "x" "x" "Waya-logo Wayah Onnon" "Musik der Nubier" "Hussein Mohammed Ahmed Wagiya Allah" "1980" "Africa";
"10 - Mana Bala (Dance For Festivities)", "Macellino" "x" "x" "x" "x" "Mana Bala (Dance For Festivities)" "Guinée. Musique Des Kpelle. Chants Polyphoniques, Trompes Et Percussions  " "Antoine Sagno, Cécé Kolié, Foromo Gbamou, Foromo Onikouyanou, Germain Doparogui, Guo-Guo Camara, Kokoli Haba, Mariba Lamassigui & Siba Fassou" "1998" ;
"11 - V. Palaniyandi - Vendinen", "Macellino" "x" "x" "x" "x" "Vendinen" "va - Abandon [Tristes Humanistes]" "V. Palaniyandi"  "India";
"19 Macellino-where were you 30'11", "Macellino" "x" "x" "x" "x" "Macellino-where were you" "Uganda - Nanga special" "Various"  ;
"26 Campanilleros De Bormujo-Los Pastores De Bormujo", "Macellino" "x" "x" "x" "x" "Los pastores de Bormujo" "Alan Lomax - World.Library.of.Folk-.España " "Campanilleros De Bormujo" "1952" "Alan Lomax";
"6 chant of the jungle", "Macellino" "x" "x" "x" "x" "Chant In The Jungle" "Polynesian percussion" "George Cates" "1961" ;
"9-Kyaramilo-dans-01", "Macellino" "x" "x" "x" "x" "Nindo A) Början" "Musik fran tanzania" "Various" "1974" ;
"A14b-ChichaSong-dames", "Macellino" "x" "x" "x" "x" "Women's Chicha Song" "The Music Of Primitive Man" "Motilon Indians, South America" "1973" ;
"A4 Gaita and Decima at Atanquez", "Macellino" "x" "x" "x" "x" "A4 Gaita and Decima at Atanquez" "The Music of Some Indian Tribes of Colombia LP1" "Various Artists - Atanquez" "1960" "field recording";
"B18-DUSUN_NOSE_FLUTE-SOLO-1'01", "Macellino" "x" "x" "x" "x" "DUSUN_NOSE_FLUTE-SOLO" "The Music Of Primitive Man" "Various"  ;
"B2-Zande", "Macellino" "x" "x" "x" "x" "Zande" "Musique Centrafricaine - Ocr12" "Various" "1962" ;
"B6-FeteDesMorts", "Macellino" "x" "x" "x" "x" "Feast of the dead" "Musique Indienne Bresil -LDM30112" "Caingang Indians from Chapeco" "1955" ;
"CD1 24 Romania, Wallachia Ballad, cintece batrinesti", "Macellino" "x" "x" "x" "x" "Romania, Wallachia Ballad, cintece batrinesti" "Voices of the World - An Anthology of Vocal Expression - Techniques" "Various" "1996" ;
"CD2 10 Gabon [Mitsogho] Voice of a genie, Ya Mwei", "Macellino" "x" "x" "x" "x" "Gabon [Mitsogho] Voice of a genie, Ya Mweï" "Voices of the World - An Anthology of Vocal Expression - Techniques (suite)" "Various" "1996" ;
"HafizBurhan-03-SevdamaInan", "Macellino" "x" "x" "x" "x" "SevdamaIna" "Hafiz Burhan" "Hafiz Burhan" "1940" ;
"b05 - Ve", "Macellino" "x" "x" "x" "x" "Ve (Glamor Of The Victor)" "Drums Of Bora Bora and Songs Of Tahiti [1956]" "Bora Bora Drummers" "1956" "Tahiti";
"kyys debiliie b2", "Macellino" "x" "x" "x" "x" "Song of the evil girls (from the olonkho Yuryung Uolan)" "Volumen 4. Yakut epopeya heroica ""Kys Debiliye""" "Устин Нохсоров" "1993" "Russia Sakha";
"lahemaa a4", "Macellino" "x" "x" "x" "x" "Sõnumisaatmine lindudega" "Lahemaa laule" "Miina Lambot" "1938" "Estonia";
"muzykal'nyi fol'klor grekov priazov'ya (1)", "Macellino" "x" "x" "x" "x" "01 Хайтарма (1)" "Musical folklore of the azov greeks" "Various" "1985" "Greece - Ukraine";
"01.Kanants par", "little pony" "x" "x" "x" "x" "01.Kanants par" "Армянская музыка" "VA" "1987" "Armenia";
"06.Dastgah-e Mahur (Ud Solo)", "little pony" "x" "x" "x" "x" "Ud Solo" "Music of Iran II" "VA" "1994" "Iran";
"08 Ewan MacColl w - Peggy Seeger - Johnny Lad", "little pony" "x" "x" "x" "x" "Peggy Seeger / Johnny Lad" "The Folk Song Tradition" "Ewan MacColl w" "1956" "Escocia";
"11. La flauta y el tamboril", "little pony" "x" "x" "x" "x" "La flauta y el tamboril" "volumen 10 - Instrumentos Folklóricos- Folklore Infantil y Navideño. MAGNA ANTOLOGÍA DEL FOLKLORE ESPAÑOL" "VA" "1960" "España";
"14 My Little Pony Needs New Shoes", "little pony" "x" "x" "x" "x" "My Little Pony Needs New Shoes" "Music For Children (Schulwerk)" "Chorus of the Children's Opera Group" "1958" "Alemania";
"14. UKercin Kuu", "little pony" "x" "x" "x" "x" "UKercin Kuu" "Mongolian Songs" "VA" "1999" "Mongolia";
"A2 Ibita et Percussion, Region Ngounie-1", "little pony" "x" "x" "x" "x" "A2 Ibita et Percussion, Region Ngounie" "AR33487 le gabon eternel" "Various" "1976" "Gabon";
"Accent on Steam v1 14 Czechoslovakian 2-10-0, Class 556-1", "little pony" "x" "x" "x" "x" "Czechoslovakian 2-10-0, Class 556" "Accent on Steam Volume One" "Arkay Enterprises" "1978" "checosovaquia";
"B3-TiBoro-FamousVoodoo_Drummer-2'33", "little pony" "x" "x" "x" "x" "Ti Roro (Drum Solo)" "Songs Dances and Drums of Haiti" "Ti Roro" "0019" "Haiti";
"CBS-65954-A02 Chant accompagne par un ritchak et un zer-barhali", "little pony" "x" "x" "x" "x" "Chant accompagné par un ritchak et un zer-barhali" "CBS-65954 l'Afghanistan" "VA" "1974" "Afganistan";
"CNRSMH_E_1979_012_009_001_03", "little pony" "x" "x" "x" "x" "Chant de selle" "Chants de selle Teda [Disque souple encarté]" "Teda people" "1965" "Chad";
"CNRSMH_E_1997_007_001_001_12", "little pony" "x" "x" "x" "x" "Gude worbe et gude rewbe des Riimaaybe" "Burkina Faso. La voix des Peuls_S. Loncke" "fulani people (peuls)" "1992" "Burkina Faso";
"CNRSMH_E_1998_014_001_001_13", "little pony" "x" "x" "x" "x" "Rituels féminins : tambours de femmes" "Côte d'Ivoire - Musiques de we (guéré)" "We (guere)" "1965" "Costa de Marfil";
"CNRSMH_I_1968_032_007_33", "little pony" "x" "x" "x" "x" "CHANT  DE CHASSE A L'OISEAU DE PROIE" "PARAGUAY - ZONE ORIENTALE, ARROYO MORITI ; GUAYAKI, GUARANI ; P. CLASTRES" "VA" "1963" "Paraguay";
"CNRSMH_I_1968_032_009_06", "little pony" "x" "x" "x" "x" "CHANT DE CHASSE A L'OISEAU DE PROIE" "PARAGUAY - ZONE ORIENTALE, ARROYO MORITI ; GUAYAKI, GUARANI ; P. CLASTRES" "Guayaki people" "1963" "Paraguay";
"CNRSMH_I_1982_018_001_01", "little pony" "x" "x" "x" "x" "MYTHE D'ORIGINE DE LA LANGUE SECRÈTE, EN LANGUE SECRÈTE" "BURKINA FASO. LE MOAL,G.;1952-81" "Bwa, dit ""Bobo oulé"" people" "1952" "Burkina Faso";
"CNRSMH_I_2007_008_001_31", "little pony" "x" "x" "x" "x" "Chant masculin, flûte, clarinette et calebasse" "Burkina Faso - Peuls JelgooBe (province du Soum), missions S. Loncke 1994-1995" "PEULS JELGOOBE (RIMBE)" "1994" "Burkina Faso";
"CNRSMH_I_2013_017_001_15", "little pony" "x" "x" "x" "x" "Mexico, Puebla - Les coqs et les chiens réveillent le village de la Preciosita" "Ambiances sonores et enregistrements de terrain, sélection" "gallo" "2005" "mexico";
"Marcel Cellier - Mysterious Albania - 09 - Bagpipe Tune From Pogradec", "little pony" "x" "x" "x" "x" "Bagpipe Tune From Pogradec" "Mysterious Albania" "Various" "2002" "Albania";
"Nguyen Vinh Bao Ensemble - Vietnam [Ocora] - 01 - Vong Co", "little pony" "x" "x" "x" "x" "Vong Cô" "Vietnam: Nguyen Vinh Bao Ensemble" "Various" "2002" "Vietnam";
"lithuania 05", "little pony" "x" "x" "x" "x" "Ralia, rolia" "Folk music of the Lithuanian SSR" "VA" "1986" "Lituania";
"1-A01-[01] Gamelan Sekati Kangdjeng Kyahi Naga Wilags", "electron" "x" "x" "x" "x" "1-A01-[01] Gamelan Sekati Kangdjeng Kyahi Naga Wilags" "[Archiv 2565028_9] Java Gamelans from the sultans palace in Jogjakarta 2LP - P.1973" "Musicians of the Sultans Palace in Jogjakarta" "1973" "Java";
"19. Jew's Harp Solo - Kairat Baibosynov", "electron" "x" "x" "x" "x" "Jew's Harp Solo" "Dombra Music of Kazakhstan" "Aitzhan Toktaganov" "1995" "Kazakhstan";
"2-snail_shell_flute-1'20", "electron" "x" "x" "x" "x" "2-snail_shell_flute" "Music of the Tukano and Cuna Peoples of Colombia - rec 1960-1961Pogue Rec 1987" "cuna people" "1960" "Colombia";
"4-Danslied-boog-2'53", "electron" "x" "x" "x" "x" "Danslied-boog" "SAMO- muziek uit boven volta" "VA" "1971" "Africa";
"A1 Chansons enfantines Ba-Bembé", "electron" "x" "x" "x" "x" "A1 Chansons enfantines Ba-Bembe" "OCR 35 Musique Kongo" "three young boys" "1966" "Rep. Dem. del Congo";
"A2 Ibita et Percussion, Région Ngounié", "electron" "x" "x" "x" "x" "A2 Ibita et Percussion, Region Ngounie" "AR33487 le gabon eternel" "Various" "1976" "Gabon";
"A4 Tarantellina (Enna province) 0'32", "electron" "x" "x" "x" "x" "A4 Tarantellina (Enna province) 0'32" "[Argo DA 89] Sicily in Music and Song - P.1965" "unknown" "1965" "Italia";
"B1 Berceuse igihoso 3'00", "electron" "x" "x" "x" "x" "B1 Berceuse igihoso 3'00" "[Alpha 5024] Rwanda 2 - Musique Vocale - P.1977" "unknown" "1977" "Ruanda";
"B1d Aërophones - ihembe 1'58", "electron" "x" "x" "x" "x" "B1d Aerophones - ihembe 1'58" "[Alpha 5023] Rwanda 1 - Musique Instrumentale - P.1977" "unknown" "1977" "Ruanda";
"CD1 17 Morocco, High Atlas [Berbers] Koranic recitation, tahzzabt", "electron" "x" "x" "x" "x" "Morocco, High Atlas [Berbers] Koranic recitation, tahzzabt" "Voices of the World - An Anthology of Vocal Expression - Techniques" "Various" "19¿¿" "Varios paises";
"CD1 23 Spain, Balearic Islands A redoblado song", "electron" "x" "x" "x" "x" "Spain, Balearic Islands A redoblado song" "Voices of the World - An Anthology of Vocal Expression - Techniques" "Various" "19¿¿" "Varios paises";
"CNRSMH_E_2000_008_001_001_10", "electron" "CNRSMH_E_2000_008_001_001_10_E.jpg" "x" "x" "x" "Carême : Loternas" "Bolivie - musique des Calcha" "Three Women" "1996" "Bolivia";
"CNRSMH_I_1982_018_021_06", "electron" "x" "x" "x" "x" "AUTRE CHANSON" "BURKINA FASO. LE MOAL,G.;1952-81" "ZARA DIT BOBO DIOULA" "1952" "Burkina Faso";
"CNRSMH_I_2013_017_001_09", "electron" "x" "x" "x" "x" "Los leones marinos gritan al atardecer en el puerto de Iquique" "Ambiances sonores et enregistrements de terrain, sélection" "leones marinos" "2012" "Varios paises";
"Davids_Harp_Ethiopia", "electron" "x" "x" "x" "x" "Ethiopia Davids Harp" "archive.org ethiopia traditional" "unknown"  "Africa";
"Facio Santillán-Sortilegio de la flauta de Los Andes-Volumen 1-03-La vieja chacarera", "electron" "x" "x" "x" "x" "La vieja chacarera" "Sortilegio, vol. 1" "Facio Santillán" "1969" "Argentina";
"SASOTO 02 Introduction to Songs-Japan", "electron" "x" "x" "x" "x" "Introduction to Songs: Japan" "Songs and Sounds of the Orient" "unknown" "1966" "Other";
"Vietnam 05 Doc Tau Muong", "electron" "x" "x" "x" "x" "Doc Tau Muong" "Music of Vietnam" "Tran Quang Hai and Hoang Mong Thuy" "1980" "Vietnam";
"Vietnam 07 Doc Tau Dan Doc Huyen", "electron" "x" "x" "x" "x" "Doc Tau Dan Doc Huyen" "Music of Vietnam" "Tran Quang Hai and Hoang Mong Thuy" "1980" "Vietnam";
"Vietnam 11 Ru Con", "electron" "x" "x" "x" "x" "Ru Con" "Music of Vietnam" "Tran Quang Hai and Hoang Mong Thuy" "1980" "Vietnam";
"Vietnam 12 Co La", "electron" "x" "x" "x" "x" "Co La" "Music of Vietnam" "Tran Quang Hai and Hoang Mong Thuy" "1980" "Vietnam";
"folk music of venezuela - 02 - trompa goajira", "electron" "x" "x" "x" "x" "trompa goajira" "folk music of venezuela" "H. Gonzalez Palmar" "1940" "Venezuela";
"sever i sibir' a18", "electron" "x" "x" "x" "x" "sever i sibir' a18" "Russian folk music of the north and siberia" "unknown" "1991" "Siberia";
"01 Mamou", "Dos jinetes-Cargado De Trigo" "x" "x" "x" "x" "Mamou" "Presents Madilu System" "Franco et le T.P. O.K. Jazz" "1985" "African-Congo";
"01. Panpipe Solo - Doina a Cry in Wood (Strigatul Codrului); Dance of Maide-1", "Dos jinetes-Cargado De Trigo" "x" "x" "x" "x" "Panpipe Solo - Doina a Cry in" "Panpipe Music and Folksongs of Romania" "Damian Luca" "1994" "Kicc_musica del mundo";
"1-02 Naa-Kore", "Dos jinetes-Cargado De Trigo" "x" "x" "x" "x" "Naa-Kore" "[ocora] Centrafrique / Musique Gbaya / Chants A Penser" "Various Artists" "1977" "W_ocora label";
"1-Lue-1", "Dos jinetes-Cargado De Trigo" "x" "x" "x" "x" "Lue" "Polynesian Traditional Music of Ontong Java - Solomon Islands - LDM 30 109" "Choeur de femmes" "1972" "Other";
"10. Gyzyl Boruk-1", "Dos jinetes-Cargado De Trigo" "x" "x" "x" "x" "Gyzyl Boruk" "Instr. Music of Turkmenistan" "Annamuradov Annaseiit" "1993" "Kicc_musica del mundo";
"13. Hoi Xuan-1", "Dos jinetes-Cargado De Trigo" "x" "x" "x" "x" "Hoi Xuan (Spring Festival)" "Instrumental Music of Vietnam" "VA" "1994" "Kicc_musica del mundo";
"16. Viene cargado de trigo-1", "Dos jinetes-Cargado De Trigo" "x" "x" "x" "x" "Viene Cargado De Trigo" "The Spanish Recordings: Galicia" "manuela lema santos" "1952" "Alan Lomax";
"3-Linda-3'05-1", "Dos jinetes-Cargado De Trigo" "x" "x" "x" "x" "Linda" "Musique Centrafricaine - Ocr12"  "1962" "Other";
"B4-Kaluli--1", "Dos jinetes-Cargado De Trigo" "x" "x" "x" "x" "Heyalo Quartet (Uncut)" "Music of Oceania - The Kaluli of Papua Niugini - Weeping and song -BM30SL2702" "Sululib Village" "1977" "Other";
"a4-Orchestre Des Mpilalao Merina-1", "Dos jinetes-Cargado De Trigo" "x" "x" "x" "x" "orchestre des mpilalao merina" "musique malgache" "Ravolema Fenomanana" "1965" "musique malgache";
"a5 - mohammed ben mohammed bo-soweid - marhaban ahlan-1", "Dos jinetes-Cargado De Trigo" "x" "x" "x" "x" "Marhaban Ahlan" "Qat, Coffee & Qambus" "Mohammed Ben Mohammed Bo-Soweid" "null" "World";
"hakasskii fol'klore(6)-1", "Dos jinetes-Cargado De Trigo" "x" "x" "x" "x" "Два всадника"  "Михаил Кильчичаков" "1974" "Russia - Khakas";
"musica de cuba pre-castro - 3 - roving carnival band - jawbone of an ass-1", "Dos jinetes-Cargado De Trigo" "x" "x" "x" "x" "jawbone of an ass" "musica de cuba pre-castro" "roving carnival band" "1955" ;
"napevy rodiny musorgskogo 14-1", "Dos jinetes-Cargado De Trigo" "x" "x" "x" "x" "Ай, заинька, ай, серенький" "Tunes from Mussorgsky's homeland" "Ф/А Музея им. Мусоргского, с. Наумово" "1989" "Russia Pskov";
"trushina d5-1", "Dos jinetes-Cargado De Trigo" "x" "x" "x" "x" "Разлився Дунай, разлився" "Песни Смоленского Поднепровья" "Olga Trushina" "1984" "Russia Smolensk";
"01 Discours", "detente judas" "x" "x" "x" "x" "Discours" "Kanak Songs. Feast And Lullabies" "Chants De Hienghène" "1984" "Folk";
"01 Etenraku", "detente judas" "x" "x" "x" "x" "Etenraku" "Japon. Gagaku" "Société Ono Gagaku Kaï" "1979" "Traditional";
"02 Manuel Agujetas - Por lo que yo voy mirando (solea)", "detente judas" "x" "x" "x" "x" "Por lo que yo voy mirando (solea)" "Cantes Gitanos" "El Agujetas" "1972" "Flamenco";
"02 Nam Phat Khay", "detente judas" "x" "x" "x" "x" "Nam Phat Khay" "Laos. Lam Saravane/Musique Pour Le khène" "Various" "1989" "Traditional";
"02 Ramata", "detente judas" "x" "x" "x" "x" "Ramata" "Percussions Afrique No. 1 Tchad" "Barma people in Massenya" "1966" "Africa";
"03 - Luis E. Martinez - Cumbia sampuesana", "detente judas" "x" "x" "x" "x" "Cumbia sampuesana" "Cumbias Solamente Cumbias" "Luis E. Martinez" "1976" "Cumbia";
"04 Ademech I hembo - Chek I dafabera", "detente judas" "x" "x" "x" "x" "Adémèch I hembo - Chèk I dafabera" "Camaroon: Flutes of the Mandara Mountains (Ocora 560110)" "Various" "1994" "Africa";
"04 Manuel Agujetas - Te vi en un llano (bulerias por solea)", "detente judas" "x" "x" "x" "x" "Te vi en un llano (bulerias por solea)" "Rutas del Cante Jondo" "El Agujetas" "1973" "Flamenco";
"05. Te Hia'Ai Ora - Pae", "detente judas" "x" "x" "x" "x" "Pae" "South Pacific Drums" "Te Hia'Ai Ora" "1965" "Other";
"07 Tawe Kerea", "detente judas" "x" "x" "x" "x" "Tawe Kerea" "Huli Highlands. Papua New Guinea" "Various" "1974" "Folk";
"08 Dah win gou", "detente judas" "x" "x" "x" "x" "Dah win gou" "Camaroon: Flutes of the Mandara Mountains (Ocora 560110)" "Various" "1994" "Africa";
"08 Usiutu - Chant Funebre", "detente judas" "x" "x" "x" "x" "Usiutu - Chant Funèbre" "Iles Trobriand: Papua New Guinea" "Various" "1974" "Folk";
"09. Temaeva - Iva", "detente judas" "x" "x" "x" "x" "Iva" "South Pacific Drums" "Temaeva" "1965" "Other";
"1 - Manuel Agujetas - Detente Judas - Saeta", "detente judas" "x" "x" "x" "x" "Saeta" "Detente Judas - Una Limosna SINGLE" "El Agujetas" "2000" "Flamenco";
"11 - Stellakis Perpiniadis- The Garyfallia", "detente judas" "x" "x" "x" "x" "Η Γαρυφαλλιά-The GARYFALLIA" "Delta Club: canción rebetiko Anthology CD04" "PERPINIADIS STELLAKIS"  "General World";
"2 - Manuel Agujetas - Una Limosna - Saeta", "detente judas" "x" "x" "x" "x" "Saeta" "Detente Judas - Una Limosna SINGLE" "El Agujetas" "2000" "Flamenco";
"7-Huakanga", "detente judas" "x" "x" "x" "x" "Huakanga" "Polynesian Traditional Music of Ontong Java - Solomon Islands - LDM 30 109" "mixed chorus" "1969" ;
"A4 Gaita and Decima at Atanquez 2", "detente judas" "x" "x" "x" "x" "A4 Gaita and Decima at Atanquez" "LP 1 - The Sierra Nevada de Santa Maria / The Yoku Motilon of the Sierra de Perijá" "Various Artists - Atanquez" "1960" "field recording";
"A4 Peace Pipe Song. A Smoke Song", "detente judas" "x" "x" "x" "x" "Peace Pipe Song. A Smoke Song" "Songs of the warm spring indian reservation" "Various" "1975" ;
"A5 Drum and Flat Gongs", "detente judas" "x" "x" "x" "x" "Drum & Flat Gongs" "Mnong Gar Music from Vietnam;" "Mnong Gar Music from Vietnam" "1972" "Traditional";
"A5 Omaha Dance", "detente judas" "x" "x" "x" "x" "Omaha Dance" "Music Of Sioux & Navajo" "Sioux" "1979" "Traditionnal";
"B1-Ubwang-tweelingceremonie", "detente judas" "x" "x" "x" "x" "Ubwang Ceremony for twins" "Lunda - Zaire - Tervueren-10" "Various" "1984" ;
"Gunbalanya Bunborg", "detente judas" "x" "x" "x" "x" "Gunbalanya Bunborg" "Arnhem Land: Authentic Aboriginal Songs And Dances" "Various" "1957" "Folk";
"northern lights(76)", "detente judas" "x" "x" "x" "x" "Наигрыш (76)" "Music of the Northern lights"  "1964" "Russia Koryaki";
"02 - I Ya Polma (Moral Song)", "danse du satan" "x" "x" "x" "x" "I Ya Polma (Moral Song)" "Guinée. Musique Des Kpelle. Chants Polyphoniques, Trompes Et Percussions  " "Antoine Sagno, Cécé Kolié, Foromo Gbamou, Foromo Onikouyanou, Germain Doparogui, Guo-Guo Camara, Kokoli Haba, Mariba Lamassigui & Siba Fassou" "1998" ;
"04  - Ogbeler", "danse du satan" "x" "x" "x" "x" "Ögbeler" "Tuvinian Singers & Musicians - Chöömej: Throat-Singing From The Center Of Asia" "folkblog.in.ua - Tuva Ensemble" "1993" "Tuvinian folk, Throat-Singing";
"04 - Cuentos De Becerrero", "danse du satan" "x" "x" "x" "x" "Cuentos De Becerrero" "50 Años De Vida Artística" "Simón Díaz" "2003" "Folk";
"04 Ivba Ni Kalo-1", "danse du satan" "x" "x" "x" "x" "Ivba Ni Kalo" "Miki Jaga & His Dance Band" "Miki Jaga & His Dance Band" "1983" "Nigeria";
"04 bla, bla, bla", "danse du satan" "x" "x" "x" "x" "bla, bla, bla" "Sweet & Dandy '68" "Toots & The Maytals" "1968" "Reggae";
"05-Danse Du Sind", "danse du satan" "x" "x" "x" "x" "Danse Du Sind" "L'Algoza Du Sind" "Khamisu Khan" "1979" "Pakistan";
"07 - Satan, Your Kingdom Must Come Down - Frank Proffitt, Vilas, NC", "danse du satan" "x" "x" "x" "x" "Satan, Your Kingdom Must Come Down" "High Atmosphere" "Frank Proffitt, Vilas, NC" "1965" ;
"07 Brolga Bird Clan Songs", "danse du satan" "x" "x" "x" "x" "Brolga Bird Clan Songs" "Australia. Aboriginal Music" "Various" "2013" "Folk";
"11 - Sid El 'Arab", "danse du satan" "x" "x" "x" "x" "Sid El 'Arab" "Music of the South Sinai Bedouins" "VA" "1998" "Music of islam";
"13 - Missa Luba - Kilio", "danse du satan" "x" "x" "x" "x" "Kilio" "va - Nobody But You [Tristes Humanistes]" "Missa Luba" "2013" ;
"14-tonada del tormento", "danse du satan" "x" "x" "x" "x" "Tonada del tormento" "GRANDES EXITOS" "SIMON DIAZ" "2004" ;
"3-03 Bageshwari [1964] 2'55", "danse du satan" "x" "x" "x" "x" "3-03 Bageshwari [1964] 2'55" "[EALP1453-54] Festival of India Presents - The Great Tradition of Masters of Music" "Kishori Amonkar" "1964" "Hindustani Classical";
"6-Nansalma-1'27", "danse du satan" "x" "x" "x" "x" "nansalma" "Mongolian Traditional Songs by Nansalma" "Nansalma" "0019" ;
"A5 Idingiti 2'35", "danse du satan" "x" "x" "x" "x" "A5 Idingiti 2'35" "[VPA 8137] Musica del Burundi - Music from Burundi (P.1971)" "VA" "1971" "Burundi";
"B2 Nzenzenze - Children's game 1'00", "danse du satan" "x" "x" "x" "x" "B2 Nzenzenze - Children's game 1'00" "[6586016] Aka Pygmy_Music_LP" "Aka Pygmys" "1971" "Africa ;CAR; Pygmy Field recording 1971";
"B4 - Pokot Witch Doctor", "danse du satan" "x" "x" "x" "x" "Pokot Witch Doctor" "Africa:Witchcraft & Ritual Music" "Various" "1975" "Kenya field recordings";
"B5 Solo de femme roucoule", "danse du satan" "x" "x" "x" "x" "B5 Solo de femme; roucoulé" "[LD765] Musiques Banda - République Centrafricaine" "VA" "1971" "Africa Central - Central African Republic";
"Church Service In Nalka", "danse du satan" "x" "x" "x" "x" "Church Service In Nalka" "Irian Jaya: Disc Six" "Various" "1973" "Folk";
"Nipponia 02 Ozatsuma", "danse du satan" "x" "x" "x" "x" "Ozatsuma" "Japan: Traditional Vocal and Instrumental Music" "Hirokazu Sugiura" "1976" ;
"Nobody's fault but mine", "danse du satan" "x" "x" "x" "x" "Nobody's fault but mine" "Country Spirituals" "Rev.Pearly Brown" "1961" ;
"SPOAMR 07 Thinking of an Old Friend", "danse du satan" "x" "x" "x" "x" "Thinking of an Old Friend" "Spring Night on a Moonlit River" "Chen Lei-Shi" "1984" ;
"muzyka gagauzov a06", "danse du satan" "x" "x" "x" "x" "muzyka gagauzov a06" "13562 & 3 muzyka gagauzov" "Lazarev, Stepan" "1980" "Moldova - SSSR";
"trushina c3", "danse du satan" "x" "x" "x" "x" "Ходила б я, гуляла б я в зелёном саду" "Songs of smolensk podneprovie" "Òðóøèíà, Îëüãà Âë." "1984" ;
"1-earlyMorningBirds+deer-bone_flute-2'55", "Chukotskaya Lights Entering The Place" "x" "x" "x" "x" "1-earlyMorningBirds+deer-bone_flute-2'55" "Music of the Tukano and Cuna Peoples of Colombia - rec 1960-1961Pogue Rec 1987" "cuna people" "1960" "Colombia";
"2-JapanIla_Uta-Umenino-lenteregen-geisha_song", "Chukotskaya Lights Entering The Place" "x" "x" "x" "x" "Ha-uta “Umenimo Haru”" "Musik der Orient - 1930 compilatie Dr Erich von  Hornbostel"  "1928" "Other";
"A1 Ikkul l-Mahal (Entering the Place)-1", "Chukotskaya Lights Entering The Place" "x" "x" "x" "x" "A1 Ikkul l-Mahal (Entering the Place)" "The Pan-Islamic Tradition -Volume 3 - Music of Morocco - Lyrichord LLST7240" "ben aisan, guinbri" "1975" "Other";
"A2 GrassDanceSong", "Chukotskaya Lights Entering The Place" "x" "x" "x" "x" "Grass Dance Song 2" "14 Crow Songs" "Warren Bear Cloud, Fern Bear Cloud, Robert Other Medicine and Joe Picket" "1968" "Other";
"B1-Isongo-3'", "Chukotskaya Lights Entering The Place" "x" "x" "x" "x" "Isongo" "Musique Centrafricaine - Ocr12"  "1962" "Other";
"B8-Kaluli--1", "Chukotskaya Lights Entering The Place" "x" "x" "x" "x" "Heyalo quartet with seeds rattles" "Music of Oceania - The Kaluli of Papua Niugini - Weeping and song -BM30SL2702"  "1977" ;
"Toma_Guinea", "Chukotskaya Lights Entering The Place" "x" "x" "x" "x" "Toma" "archive.org guinea traditional" "Trad 1" "null" "Other";
"anastasievskaya (04)", "Chukotskaya Lights Entering The Place" "x" "x" "x" "x" "anastasievskaya (04)" "songs and rites of the black sea cossacks"  "1986" "Russia";
"checheingu a2", "Chukotskaya Lights Entering The Place" "x" "x" "x" "x" "Хороша любовь" "17237 checheno-ingushkaya" "У. Димаев" "1966" "Other";
"chukotskaya narodnaya muzyka 22", "Chukotskaya Lights Entering The Place" "x" "x" "x" "x" "Etigyn's personal song" "15246 chukotskaya i eskimosskaya muzyka" "Alexander Tnagyrgin" "1974" "Russia Chukchi";
"eesti karjaselaulud b3", "Chukotskaya Lights Entering The Place" "x" "x" "x" "x" "Päike, tule välja" "17502 eesti karjaselaulud" "Erna Ojaperv" "1960" "Other";
"northern lights(48)", "Chukotskaya Lights Entering The Place" "x" "x" "x" "x" "Звукоподражания голосам птиц" "Music of the Nothern lights"  "1964" "Russia Ulch Udegei";
"pesni grekov priazov'ya (7)", "Chukotskaya Lights Entering The Place" "x" "x" "x" "x" "07 Та дъиндра н'да эн хлюра" "Songs of the azov greeks"  "1985" "Greece - Ukraine";
"01 Chant de louanges Sonrai", "Antioch Okwagala Express" "x" "x" "x" "x" "Chant de louanges Sonraï" "Rythmes Et Chants Du Niger" "Charles Duvelle (Recording)" "1960" "Niger";
"02 Antioch 277-1", "Antioch Okwagala Express" "x" "x" "x" "x" "Antioch 277" "I Belong to This Band: Eight-Five Years of Sacred Harp Recordings" "Henagar-Union Sacred Harp Convention" "1940" "Gospel;Gospel";
"10 Cabezon De La Fuente Dancers-Danza De Ibio-1", "Antioch Okwagala Express" "x" "x" "x" "x" "Danza de Ibio" "Spain" "Cabezon De La Fuente Dancers" "1952" "Alan Lomax";
"137 black diamond express to hell pt. 1 - 27-1", "Antioch Okwagala Express" "x" "x" "x" "x" "black diamond express to hell pt. 1 - 27" "Goodbye, Babylon (6) Sermons" "Rev. A.W. Nix" "1927" "Gospel;Gospel";
"18 The Honey Harvest-1", "Antioch Okwagala Express" "x" "x" "x" "x" "The Honey Harvest" "On The Edge Of The Ituri Forest" "mbuti pygmies" "1952" "Pygmées";
"21 - Orange claw hammer - Captain Beefheart and His Magic Band-1", "Antioch Okwagala Express" "x" "x" "x" "x" "Orange claw hammer" "Trout Mask Replica" "Captain Beefheart & His Magic Band" "1969" ;
"3. Tell Her To Come On Home", "Antioch Okwagala Express" "x" "x" "x" "x" "Tell Her To Come" "The Singles (Disc Two 1960-198" "Little Mack" "1962" "Jazz;Jazz";
"A02 Okwagala omulungi kwesengareza - Ganda-1", "Antioch Okwagala Express" "x" "x" "x" "x" "Okwagala omulungi kwesengareza" "[KMA 1] Musical Instruments 1 - Strings" "Temusewa mukasa" "1952" "Other";
"A06 Gitari na Congo - Zande-1", "Antioch Okwagala Express" "x" "x" "x" "x" "Gitari na congo" "[KMA 1] Musical Instruments 1 - Strings" "Bakia Pierre" "1952" "Other";
"Folk music of Calabria - 06 Sonata-1", "Antioch Okwagala Express" "x" "x" "x" "x" "Sonata" "Folk music of Calabria" "VV. AA." "1991" "Folk calabrese";
"Mistura No. 1-1", "Antioch Okwagala Express" "x" "x" "x" "x" "Mistura No. 1" "Batucada Genial" "Mester Geraldo e Sua Bateria" "1977" "Other";
"PHv2 06 Mi Atarraya (My Fishing Net)-1", "Antioch Okwagala Express" "x" "x" "x" "x" "Mi Atarraya (My Fishing Net)" "Paraguayan Harp, Vol. 2" "Ed Lange and His Trio Andeno" "1977" "Other";
"Vietnam 19 Hat Hai Giong-1", "Antioch Okwagala Express" "x" "x" "x" "x" "Hat Hai Giong" "Music of Vietnam" "Tran Quang Hai and Hoang Mong Thuy" "1980" "Other";
